,NRI_ObjectID,National Risk Index ID,State Name,State Name Abbreviation,County Name,Census Tract,Population (2020),Area (sq mi),Hurricane - Number of Events,Hurricane - Annualized Frequency,Hurricane - Expected Annual Loss Rate - National Percentile
0,72988,T48201100001,Texas,TX,Harris,100001,6528,1.01,20,0.18,86.88
1,72989,T48201210400,Texas,TX,Harris,210400,4167,0.71,21,0.18,87.08
2,72990,T48201210500,Texas,TX,Harris,210500,5370,0.84,21,0.18,87.21
3,72991,T48201210600,Texas,TX,Harris,210600,5154,0.91,21,0.18,87.03
4,72992,T48201210700,Texas,TX,Harris,210700,2293,0.44,21,0.18,87.12
5,72993,T48201210800,Texas,TX,Harris,210800,2623,1.43,21,0.18,87.43
6,72994,T48201210900,Texas,TX,Harris,210900,1612,0.49,19,0.18,87.32
7,72995,T48201211000,Texas,TX,Harris,211000,1973,0.44,20,0.18,87.11
8,72996,T48201211101,Texas,TX,Harris,211101,3047,0.5,20,0.18,87.23
9,72997,T48201211102,Texas,TX,Harris,211102,2477,0.44,20,0.18,87.2
10,72998,T48201211200,Texas,TX,Harris,211200,2988,0.66,20,0.18,87.95
11,72999,T48201211301,Texas,TX,Harris,211301,2680,0.45,19,0.18,87.18
12,73000,T48201211302,Texas,TX,Harris,211302,2594,0.62,19,0.18,87.18
13,73001,T48201211400,Texas,TX,Harris,211400,4242,1.45,20,0.18,87.06
14,73002,T48201211501,Texas,TX,Harris,211501,3164,1.43,20,0.18,86.95
15,73003,T48201211502,Texas,TX,Harris,211502,2799,0.93,20,0.18,86.89
16,73004,T48201211600,Texas,TX,Harris,211600,2845,0.46,19,0.18,87.73
17,73005,T48201211700,Texas,TX,Harris,211700,3732,1.73,20,0.18,87.1
18,73006,T48201211900,Texas,TX,Harris,211900,4717,0.49,20,0.18,87.2
19,73007,T48201212300,Texas,TX,Harris,212300,5027,1.29,20,0.18,87.1
20,73008,T48201212400,Texas,TX,Harris,212400,2947,3.18,20,0.18,86.91
21,73009,T48201212500,Texas,TX,Harris,212500,3792,4.45,20,0.18,87.19
22,73010,T48201220100,Texas,TX,Harris,220100,2052,0.69,20,0.18,87.04
23,73011,T48201220200,Texas,TX,Harris,220200,2625,0.58,20,0.18,87.07
24,73012,T48201220300,Texas,TX,Harris,220300,3972,0.78,18,0.18,87.94
25,73013,T48201220400,Texas,TX,Harris,220400,4659,0.75,18,0.18,87.96
26,73014,T48201220500,Texas,TX,Harris,220500,4470,0.94,18,0.18,87.33
27,73015,T48201220600,Texas,TX,Harris,220600,3722,0.65,18,0.18,87.88
28,73016,T48201220701,Texas,TX,Harris,220701,3241,0.8,19,0.18,87.61
29,73017,T48201220702,Texas,TX,Harris,220702,3165,0.81,19,0.18,87.29
30,73018,T48201220800,Texas,TX,Harris,220800,3198,0.68,18,0.18,87.26
31,73019,T48201220900,Texas,TX,Harris,220900,1907,0.58,18,0.18,87.21
32,73020,T48201221000,Texas,TX,Harris,221000,4288,0.97,19,0.18,87.92
33,73021,T48201221100,Texas,TX,Harris,221100,3718,1.19,19,0.18,87.46
34,73022,T48201221200,Texas,TX,Harris,221200,6124,0.98,18,0.18,88.06
35,73023,T48201221301,Texas,TX,Harris,221301,4486,0.73,18,0.18,87.3
36,73024,T48201221302,Texas,TX,Harris,221302,3678,0.61,18,0.18,87.43
37,73025,T48201221400,Texas,TX,Harris,221400,5902,0.79,18,0.18,87.86
38,73026,T48201221501,Texas,TX,Harris,221501,4941,0.68,18,0.18,87.72
39,73027,T48201221502,Texas,TX,Harris,221502,2859,0.2,17,0.18,87.55
40,73028,T48201221601,Texas,TX,Harris,221601,3313,0.46,16,0.18,87.96
41,73029,T48201221602,Texas,TX,Harris,221602,5886,1.79,18,0.18,87.15
42,73030,T48201221701,Texas,TX,Harris,221701,4086,1.13,18,0.18,87.16
43,73031,T48201221702,Texas,TX,Harris,221702,3574,0.95,18,0.18,87.06
44,73032,T48201221800,Texas,TX,Harris,221800,4371,1.23,18,0.18,87.14
45,73033,T48201221900,Texas,TX,Harris,221900,4684,1.04,19,0.18,87.1
46,73034,T48201222000,Texas,TX,Harris,222000,2290,0.44,18,0.18,87.4
47,73035,T48201222100,Texas,TX,Harris,222100,5487,0.89,18,0.18,87.33
48,73036,T48201222200,Texas,TX,Harris,222200,3812,1.17,18,0.18,87.36
49,73037,T48201222300,Texas,TX,Harris,222300,4790,1.95,19,0.18,87.46
50,73038,T48201222401,Texas,TX,Harris,222401,3777,1.98,17,0.18,87.29
51,73039,T48201222402,Texas,TX,Harris,222402,5758,1.59,17,0.18,87.85
52,73040,T48201222501,Texas,TX,Harris,222501,3620,0.35,16,0.18,87.59
53,73041,T48201222502,Texas,TX,Harris,222502,4395,1.32,17,0.18,87.98
54,73042,T48201222504,Texas,TX,Harris,222504,3345,0.11,16,0.18,88.2
55,73043,T48201222505,Texas,TX,Harris,222505,2986,0.55,16,0.18,87.37
56,73044,T48201222601,Texas,TX,Harris,222601,2322,0.53,17,0.18,87.36
57,73045,T48201222602,Texas,TX,Harris,222602,2694,0.49,16,0.18,87.36
58,73046,T48201222701,Texas,TX,Harris,222701,2360,0.42,19,0.18,87.25
59,73047,T48201222702,Texas,TX,Harris,222702,3517,2.35,20,0.18,87.09
60,73048,T48201222800,Texas,TX,Harris,222800,3320,2.65,18,0.18,87
61,73049,T48201222900,Texas,TX,Harris,222900,8030,2.27,19,0.18,87.19
62,73050,T48201223001,Texas,TX,Harris,223001,3885,1.22,19,0.18,87.11
63,73051,T48201223002,Texas,TX,Harris,223002,4004,0.29,17,0.18,88.08
64,73052,T48201223100,Texas,TX,Harris,223100,2233,1.87,19,0.18,86.92
65,73053,T48201230100,Texas,TX,Harris,230100,1824,0.53,19,0.18,87.27
66,73054,T48201230200,Texas,TX,Harris,230200,5363,3.04,19,0.18,87.06
67,73055,T48201230300,Texas,TX,Harris,230300,2298,0.68,19,0.18,87.65
68,73056,T48201230400,Texas,TX,Harris,230400,3824,1.12,18,0.18,87.56
69,73057,T48201230500,Texas,TX,Harris,230500,4099,1.35,18,0.18,88.01
70,73058,T48201230600,Texas,TX,Harris,230600,2690,0.84,19,0.18,87.57
71,73059,T48201230700,Texas,TX,Harris,230700,2963,1.05,19,0.18,87.97
72,73060,T48201230800,Texas,TX,Harris,230800,2662,0.72,19,0.18,87.84
73,73061,T48201230900,Texas,TX,Harris,230900,4947,2.48,19,0.18,87.31
74,73062,T48201231000,Texas,TX,Harris,231000,4727,1.61,19,0.18,87.99
75,73063,T48201231100,Texas,TX,Harris,231100,4920,4.36,18,0.18,87.26
76,73064,T48201231200,Texas,TX,Harris,231200,6800,5.45,20,0.18,87.77
77,73065,T48201231300,Texas,TX,Harris,231300,4796,1.88,19,0.18,87.54
78,73066,T48201231400,Texas,TX,Harris,231400,3347,1.31,19,0.18,88.02
79,73067,T48201231500,Texas,TX,Harris,231500,2858,0.45,19,0.18,87.89
80,73068,T48201231600,Texas,TX,Harris,231600,2915,0.65,19,0.18,88.06
81,73069,T48201231700,Texas,TX,Harris,231700,4509,1.65,19,0.18,87.67
82,73070,T48201231800,Texas,TX,Harris,231800,3042,1.1,19,0.18,87.43
83,73071,T48201231900,Texas,TX,Harris,231900,6633,3.53,20,0.18,87.26
84,73072,T48201232000,Texas,TX,Harris,232000,4371,6.42,20,0.18,87.86
85,73073,T48201232100,Texas,TX,Harris,232100,3803,1.26,20,0.18,87.42
86,73074,T48201232201,Texas,TX,Harris,232201,5754,1.74,19,0.18,87.83
87,73075,T48201232202,Texas,TX,Harris,232202,5698,2.19,19,0.18,87.67
88,73076,T48201232203,Texas,TX,Harris,232203,5924,3.88,20,0.18,87.75
89,73077,T48201232303,Texas,TX,Harris,232303,6451,5.16,20,0.18,87.4
90,73078,T48201232304,Texas,TX,Harris,232304,7763,4.81,18,0.18,87.24
91,73079,T48201232305,Texas,TX,Harris,232305,10954,2.86,19,0.18,87.25
92,73080,T48201232306,Texas,TX,Harris,232306,3644,1.66,18,0.18,87.21
93,73081,T48201232402,Texas,TX,Harris,232402,3820,0.55,18,0.18,88
94,73082,T48201232403,Texas,TX,Harris,232403,4575,0.79,18,0.18,88.13
95,73083,T48201232404,Texas,TX,Harris,232404,3652,1.47,18,0.18,87.97
96,73084,T48201232405,Texas,TX,Harris,232405,5832,4.19,18,0.18,87.09
97,73085,T48201232500,Texas,TX,Harris,232500,3157,4.5,19,0.18,87.38
98,73086,T48201232600,Texas,TX,Harris,232600,2892,2.39,19,0.18,87.38
99,73087,T48201232701,Texas,TX,Harris,232701,7066,1.82,19,0.18,87.29
100,73088,T48201232703,Texas,TX,Harris,232703,2740,0.26,19,0.18,87.62
101,73089,T48201232704,Texas,TX,Harris,232704,2009,1.5,19,0.18,87.17
102,73090,T48201232801,Texas,TX,Harris,232801,2621,0.36,19,0.18,87.94
103,73091,T48201232802,Texas,TX,Harris,232802,2715,0.44,19,0.18,88.04
104,73092,T48201232901,Texas,TX,Harris,232901,3992,0.95,18,0.18,87.85
105,73093,T48201232902,Texas,TX,Harris,232902,4380,0.34,18,0.18,87.85
106,73094,T48201233001,Texas,TX,Harris,233001,4163,0.37,18,0.18,88.05
107,73095,T48201233002,Texas,TX,Harris,233002,4040,0.67,18,0.18,87.37
108,73096,T48201233003,Texas,TX,Harris,233003,2470,0.4,18,0.18,87.96
109,73097,T48201233101,Texas,TX,Harris,233101,4640,0.67,18,0.18,87.3
110,73098,T48201233103,Texas,TX,Harris,233103,5475,0.64,19,0.18,87.58
111,73099,T48201233104,Texas,TX,Harris,233104,3110,0.31,18,0.18,88.14
112,73100,T48201233105,Texas,TX,Harris,233105,3734,0.64,18,0.18,87.85
113,73101,T48201233200,Texas,TX,Harris,233200,6461,1.24,19,0.18,87.39
114,73102,T48201233300,Texas,TX,Harris,233300,4468,4.68,20,0.18,87.03
115,73103,T48201233400,Texas,TX,Harris,233400,2566,1.02,19,0.18,87.61
116,73104,T48201233501,Texas,TX,Harris,233501,3702,0.56,19,0.18,87.42
117,73105,T48201233502,Texas,TX,Harris,233502,3346,0.54,19,0.18,87.25
118,73106,T48201233600,Texas,TX,Harris,233600,2424,1.54,20,0.18,87.99
119,73107,T48201233701,Texas,TX,Harris,233701,5171,2.89,20,0.18,87.12
120,73108,T48201233702,Texas,TX,Harris,233702,2932,0.96,20,0.18,87.16
121,73109,T48201233703,Texas,TX,Harris,233703,2655,2.86,20,0.18,87.08
122,73110,T48201240101,Texas,TX,Harris,240101,1991,0.64,16,0.18,87.22
123,73111,T48201240102,Texas,TX,Harris,240102,1835,0.75,16,0.18,87.46
124,73112,T48201240400,Texas,TX,Harris,240400,7982,8.19,19,0.18,86.89
125,73113,T48201240503,Texas,TX,Harris,240503,1922,0.08,16,0.18,88.11
126,73114,T48201240504,Texas,TX,Harris,240504,3321,0.17,16,0.18,87.59
127,73115,T48201240505,Texas,TX,Harris,240505,1483,0.13,16,0.18,88
128,73116,T48201240506,Texas,TX,Harris,240506,5074,1.1,17,0.18,87.43
129,73117,T48201240600,Texas,TX,Harris,240600,2416,1.01,16,0.18,88.12
130,73118,T48201240703,Texas,TX,Harris,240703,5144,0.85,17,0.18,87.92
131,73119,T48201240704,Texas,TX,Harris,240704,5092,0.85,17,0.18,87.99
132,73120,T48201240705,Texas,TX,Harris,240705,6099,1.19,17,0.18,87.28
133,73121,T48201240706,Texas,TX,Harris,240706,9971,2.04,18,0.18,87.05
134,73122,T48201240707,Texas,TX,Harris,240707,6501,1.97,18,0.18,86.91
135,73123,T48201240802,Texas,TX,Harris,240802,7524,5.2,19,0.18,87.01
136,73124,T48201240803,Texas,TX,Harris,240803,2806,0.79,17,0.18,87.83
137,73125,T48201240804,Texas,TX,Harris,240804,3287,0.35,17,0.18,87.99
138,73126,T48201240903,Texas,TX,Harris,240903,6490,1.27,19,0.18,87.23
139,73127,T48201240904,Texas,TX,Harris,240904,9274,3.5,19,0.18,87.16
140,73128,T48201240905,Texas,TX,Harris,240905,3875,0.81,19,0.18,87.8
141,73129,T48201240906,Texas,TX,Harris,240906,8223,1.46,19,0.18,88
142,73130,T48201241001,Texas,TX,Harris,241001,4729,1.4,19,0.18,88.11
143,73131,T48201241002,Texas,TX,Harris,241002,4105,5.46,20,0.18,87.88
144,73132,T48201241101,Texas,TX,Harris,241101,5037,0.8,17,0.18,87.94
145,73133,T48201241103,Texas,TX,Harris,241103,4376,1.1,18,0.18,87.77
146,73134,T48201241104,Texas,TX,Harris,241104,9294,1.84,19,0.18,87.05
147,73135,T48201241105,Texas,TX,Harris,241105,4813,0.73,18,0.18,88.04
148,73136,T48201241201,Texas,TX,Harris,241201,3369,0.68,17,0.18,87.75
149,73137,T48201241202,Texas,TX,Harris,241202,5445,1.28,17,0.18,87.92
150,73138,T48201241301,Texas,TX,Harris,241301,5476,2.98,17,0.18,87.62
151,73139,T48201241302,Texas,TX,Harris,241302,6895,3.74,17,0.18,87.48
152,73140,T48201241400,Texas,TX,Harris,241400,9821,4.32,18,0.18,87.88
153,73141,T48201241501,Texas,TX,Harris,241501,4721,5.72,19,0.18,87.11
154,73142,T48201241502,Texas,TX,Harris,241502,2349,0.54,19,0.18,88.08
155,73143,T48201241503,Texas,TX,Harris,241503,2671,6.92,20,0.18,87.17
156,73144,T48201250101,Texas,TX,Harris,250101,4361,3.18,18,0.18,87.41
157,73145,T48201250102,Texas,TX,Harris,250102,5569,2.37,18,0.18,87.64
158,73146,T48201250201,Texas,TX,Harris,250201,8046,1.81,18,0.18,87.97
159,73147,T48201250202,Texas,TX,Harris,250202,2203,0.53,18,0.18,87.73
160,73148,T48201250303,Texas,TX,Harris,250303,3360,0.82,18,0.18,87.39
161,73149,T48201250304,Texas,TX,Harris,250304,9244,3.67,18,0.18,87.3
162,73150,T48201250305,Texas,TX,Harris,250305,6059,0.92,17,0.18,87.2
163,73151,T48201250306,Texas,TX,Harris,250306,4661,0.84,17,0.18,87.55
164,73152,T48201250403,Texas,TX,Harris,250403,5125,1.66,16,0.18,87.03
165,73153,T48201250404,Texas,TX,Harris,250404,5540,1.39,16,0.18,87.53
166,73154,T48201250405,Texas,TX,Harris,250405,7323,1,17,0.18,87.04
167,73155,T48201250406,Texas,TX,Harris,250406,4779,0.85,18,0.18,87.37
168,73156,T48201250407,Texas,TX,Harris,250407,10435,1.65,18,0.18,87
169,73157,T48201250408,Texas,TX,Harris,250408,9128,4.27,18,0.18,87.34
170,73158,T48201250500,Texas,TX,Harris,250500,5771,1.78,18,0.18,87.03
171,73159,T48201250601,Texas,TX,Harris,250601,3898,1.7,18,0.18,87.11
172,73160,T48201250602,Texas,TX,Harris,250602,4792,3.85,18,0.18,87.31
173,73161,T48201250701,Texas,TX,Harris,250701,6470,7.72,20,0.18,87.32
174,73162,T48201250702,Texas,TX,Harris,250702,4879,1.18,17,0.18,87.52
175,73163,T48201250801,Texas,TX,Harris,250801,3979,1.63,16,0.18,86.96
176,73164,T48201250802,Texas,TX,Harris,250802,4453,2.56,17,0.18,87.58
177,73165,T48201250901,Texas,TX,Harris,250901,3529,1.79,16,0.18,87.53
178,73166,T48201250902,Texas,TX,Harris,250902,6027,4.77,16,0.18,87.59
179,73167,T48201251000,Texas,TX,Harris,251000,3093,3.68,18,0.18,87.14
180,73168,T48201251100,Texas,TX,Harris,251100,7365,4.36,19,0.18,87.74
181,73169,T48201251200,Texas,TX,Harris,251200,5972,1.36,17,0.18,87.39
182,73170,T48201251300,Texas,TX,Harris,251300,7298,2.55,17,0.18,87.52
183,73171,T48201251401,Texas,TX,Harris,251401,3011,0.47,16,0.18,87.55
184,73172,T48201251402,Texas,TX,Harris,251402,5914,1.04,16,0.18,87.86
185,73173,T48201251501,Texas,TX,Harris,251501,6469,7.24,16,0.18,86.95
186,73174,T48201251503,Texas,TX,Harris,251503,2255,0.36,16,0.18,87.36
187,73175,T48201251504,Texas,TX,Harris,251504,5289,1.11,16,0.18,87.49
188,73176,T48201251505,Texas,TX,Harris,251505,3870,1.02,16,0.18,87.53
189,73177,T48201251600,Texas,TX,Harris,251600,7271,23.51,16,0.17,86.93
190,73178,T48201251701,Texas,TX,Harris,251701,4826,5.31,16,0.18,87.96
191,73179,T48201251702,Texas,TX,Harris,251702,4300,25.93,17,0.18,87.36
192,73180,T48201251800,Texas,TX,Harris,251800,2096,14.2,17,0.18,87.61
193,73181,T48201251902,Texas,TX,Harris,251902,7828,6.82,17,0.18,87.92
194,73182,T48201251903,Texas,TX,Harris,251903,4498,11.02,15,0.18,87.79
195,73183,T48201251904,Texas,TX,Harris,251904,6781,8.74,18,0.18,87.95
196,73184,T48201252001,Texas,TX,Harris,252001,7086,2.89,16,0.18,87.66
197,73185,T48201252002,Texas,TX,Harris,252002,5426,11.36,19,0.18,86.98
198,73186,T48201252003,Texas,TX,Harris,252003,11081,8.59,18,0.18,86.96
199,73187,T48201252100,Texas,TX,Harris,252100,3246,9.77,18,0.18,87.44
200,73188,T48201252201,Texas,TX,Harris,252201,4836,1.04,18,0.18,87.62
201,73189,T48201252202,Texas,TX,Harris,252202,6846,7.5,18,0.18,87.29
202,73190,T48201252303,Texas,TX,Harris,252303,5132,0.47,18,0.18,87.28
203,73191,T48201252304,Texas,TX,Harris,252304,3563,0.59,18,0.18,87.88
204,73192,T48201252305,Texas,TX,Harris,252305,7800,0.91,18,0.18,87.2
205,73193,T48201252306,Texas,TX,Harris,252306,8943,2.08,17,0.18,87.7
206,73194,T48201252400,Texas,TX,Harris,252400,7746,2.08,18,0.18,87.16
207,73195,T48201252500,Texas,TX,Harris,252500,5027,15.78,19,0.18,87.01
208,73196,T48201252601,Texas,TX,Harris,252601,4891,1.51,17,0.18,87.94
209,73197,T48201252602,Texas,TX,Harris,252602,3721,13.52,17,0.18,87.42
210,73198,T48201252700,Texas,TX,Harris,252700,5007,18.49,18,0.18,87.68
211,73199,T48201252800,Texas,TX,Harris,252800,7913,25.07,20,0.18,87.96
212,73200,T48201252901,Texas,TX,Harris,252901,3263,3.17,17,0.18,87.23
213,73201,T48201252902,Texas,TX,Harris,252902,7173,4.01,17,0.18,87.28
214,73202,T48201253000,Texas,TX,Harris,253000,4637,6.75,17,0.18,87.9
215,73203,T48201253101,Texas,TX,Harris,253101,6624,1.13,17,0.18,87.98
216,73204,T48201253102,Texas,TX,Harris,253102,7051,10.27,19,0.19,88.05
217,73205,T48201253201,Texas,TX,Harris,253201,6312,6.89,18,0.19,88.03
218,73206,T48201253202,Texas,TX,Harris,253202,5331,7.46,19,0.19,87.87
219,73207,T48201253300,Texas,TX,Harris,253300,3836,8.39,19,0.18,87.34
220,73208,T48201253501,Texas,TX,Harris,253501,6552,0.95,17,0.19,88.11
221,73209,T48201253502,Texas,TX,Harris,253502,3792,1.34,18,0.18,87.81
222,73210,T48201253601,Texas,TX,Harris,253601,4173,1.22,18,0.18,87.73
223,73211,T48201253602,Texas,TX,Harris,253602,4735,0.97,18,0.19,88.15
224,73212,T48201253700,Texas,TX,Harris,253700,5580,1.59,17,0.19,88.01
225,73213,T48201253800,Texas,TX,Harris,253800,8862,2.95,17,0.19,88.13
226,73214,T48201253900,Texas,TX,Harris,253900,4626,1.77,17,0.19,88.05
227,73215,T48201254000,Texas,TX,Harris,254000,3935,1.06,18,0.19,88.18
228,73216,T48201254100,Texas,TX,Harris,254100,5442,1.26,18,0.19,88.17
229,73217,T48201254200,Texas,TX,Harris,254200,2913,0.49,18,0.19,88.17
230,73218,T48201254300,Texas,TX,Harris,254300,5340,1.21,17,0.19,88.08
231,73219,T48201254400,Texas,TX,Harris,254400,3116,1.12,18,0.19,87.97
232,73220,T48201254600,Texas,TX,Harris,254600,3691,2.72,20,0.26,88.07
233,73221,T48201254700,Texas,TX,Harris,254700,2421,11.67,21,0.28,88.07
234,73222,T48201254800,Texas,TX,Harris,254800,2705,8.26,19,0.18,87.58
235,73223,T48201310101,Texas,TX,Harris,310101,3625,0.86,20,0.18,86.9
236,73224,T48201310102,Texas,TX,Harris,310102,2455,0.46,20,0.18,87.02
237,73225,T48201310200,Texas,TX,Harris,310200,2349,0.73,20,0.18,86.89
238,73226,T48201310300,Texas,TX,Harris,310300,5026,0.88,18,0.18,87.3
239,73227,T48201310400,Texas,TX,Harris,310400,3316,0.68,18,0.18,87.63
240,73228,T48201310500,Texas,TX,Harris,310500,3755,1.23,18,0.18,87.26
241,73229,T48201310600,Texas,TX,Harris,310600,4961,0.69,18,0.18,87.28
242,73230,T48201310700,Texas,TX,Harris,310700,3699,0.77,18,0.18,87.35
243,73231,T48201310800,Texas,TX,Harris,310800,2663,0.75,18,0.18,87.54
244,73232,T48201310900,Texas,TX,Harris,310900,5334,0.68,18,0.18,87.84
245,73233,T48201311001,Texas,TX,Harris,311001,3040,0.33,17,0.18,87.92
246,73234,T48201311002,Texas,TX,Harris,311002,3299,0.62,18,0.18,87.01
247,73235,T48201311100,Texas,TX,Harris,311100,5238,1.08,18,0.18,87.75
248,73236,T48201311200,Texas,TX,Harris,311200,4588,1.19,19,0.18,87.21
249,73237,T48201311300,Texas,TX,Harris,311300,4912,0.58,19,0.18,87.72
250,73238,T48201311400,Texas,TX,Harris,311400,1546,1.02,18,0.18,87.64
251,73239,T48201311501,Texas,TX,Harris,311501,2966,0.3,19,0.18,87.23
252,73240,T48201311502,Texas,TX,Harris,311502,3723,0.62,18,0.18,88.02
253,73241,T48201311600,Texas,TX,Harris,311600,3628,0.19,19,0.18,88.06
254,73242,T48201311701,Texas,TX,Harris,311701,3506,0.63,18,0.18,87.69
255,73243,T48201311702,Texas,TX,Harris,311702,1890,0.43,19,0.18,87.56
256,73244,T48201311800,Texas,TX,Harris,311800,4325,0.98,18,0.18,87.8
257,73245,T48201311900,Texas,TX,Harris,311900,2145,0.83,18,0.18,87.44
258,73246,T48201312000,Texas,TX,Harris,312000,5745,0.73,19,0.18,87.76
259,73247,T48201312200,Texas,TX,Harris,312200,2351,0.42,19,0.18,87.9
260,73248,T48201312300,Texas,TX,Harris,312300,2324,0.55,20,0.18,87.7
261,73249,T48201312400,Texas,TX,Harris,312400,1981,0.42,20,0.18,87.35
262,73250,T48201312501,Texas,TX,Harris,312501,2474,0.38,20,0.18,87.13
263,73251,T48201312502,Texas,TX,Harris,312502,2384,0.32,20,0.18,87.15
264,73252,T48201312601,Texas,TX,Harris,312601,2797,0.18,20,0.18,87.24
265,73253,T48201312602,Texas,TX,Harris,312602,2453,0.2,20,0.18,87.32
266,73254,T48201312603,Texas,TX,Harris,312603,3052,0.4,20,0.18,87.21
267,73255,T48201312700,Texas,TX,Harris,312700,1852,0.34,20,0.18,87.57
268,73256,T48201312800,Texas,TX,Harris,312800,5476,0.36,19,0.18,87.35
269,73257,T48201312901,Texas,TX,Harris,312901,1505,0.18,19,0.18,87.64
270,73258,T48201312902,Texas,TX,Harris,312902,1801,0.38,19,0.18,87.32
271,73259,T48201313000,Texas,TX,Harris,313000,2462,0.47,20,0.18,87.79
272,73260,T48201313101,Texas,TX,Harris,313101,2297,0.27,19,0.18,87.53
273,73261,T48201313102,Texas,TX,Harris,313102,2011,1.26,20,0.18,86.81
274,73262,T48201313201,Texas,TX,Harris,313201,1610,0.56,19,0.18,87.17
275,73263,T48201313202,Texas,TX,Harris,313202,2790,0.67,19,0.18,87.08
276,73264,T48201313300,Texas,TX,Harris,313300,3156,0.89,18,0.18,87.7
277,73265,T48201313400,Texas,TX,Harris,313400,3603,0.73,19,0.18,87.95
278,73266,T48201313500,Texas,TX,Harris,313500,2645,0.63,20,0.19,88.04
279,73267,T48201313600,Texas,TX,Harris,313600,4871,0.9,23,0.19,88.09
280,73268,T48201313700,Texas,TX,Harris,313700,2256,0.52,19,0.18,87.85
281,73269,T48201313801,Texas,TX,Harris,313801,2035,0.35,22,0.19,88.28
282,73270,T48201313802,Texas,TX,Harris,313802,2797,0.51,23,0.2,88.22
283,73271,T48201313901,Texas,TX,Harris,313901,2211,0.83,22,0.19,87.65
284,73272,T48201313902,Texas,TX,Harris,313902,2592,0.25,22,0.21,88.32
285,73273,T48201314001,Texas,TX,Harris,314001,3104,0.55,23,0.18,86.86
286,73274,T48201314003,Texas,TX,Harris,314003,2591,0.34,22,0.18,88.01
287,73275,T48201314004,Texas,TX,Harris,314004,1668,0.07,21,0.2,88.44
288,73276,T48201314005,Texas,TX,Harris,314005,2468,0.3,22,0.21,88.26
289,73277,T48201314301,Texas,TX,Harris,314301,2363,0.12,22,0.21,88.57
290,73278,T48201314302,Texas,TX,Harris,314302,2422,0.47,22,0.2,88.19
291,73279,T48201314401,Texas,TX,Harris,314401,1545,0.19,21,0.18,87.24
292,73280,T48201314402,Texas,TX,Harris,314402,1717,0.74,22,0.2,87.84
293,73281,T48201320100,Texas,TX,Harris,320100,2408,0.38,18,0.18,88.04
294,73282,T48201320201,Texas,TX,Harris,320201,2443,0.84,18,0.18,87.4
295,73283,T48201320202,Texas,TX,Harris,320202,3648,0.79,18,0.19,88.1
296,73284,T48201320500,Texas,TX,Harris,320500,4300,2.27,18,0.18,88.04
297,73285,T48201320601,Texas,TX,Harris,320601,2474,0.55,18,0.2,88.23
298,73286,T48201320602,Texas,TX,Harris,320602,4460,0.59,18,0.21,88.5
299,73287,T48201320700,Texas,TX,Harris,320700,4550,1.35,19,0.21,88.4
300,73288,T48201320800,Texas,TX,Harris,320800,5023,1.14,19,0.21,88.25
301,73289,T48201320901,Texas,TX,Harris,320901,3758,0.41,20,0.21,88.66
302,73290,T48201320902,Texas,TX,Harris,320902,3722,0.5,19,0.21,88.65
303,73291,T48201321001,Texas,TX,Harris,321001,2776,0.51,19,0.21,88.58
304,73292,T48201321002,Texas,TX,Harris,321002,5450,1.04,20,0.21,88.6
305,73293,T48201321101,Texas,TX,Harris,321101,4008,1.16,19,0.21,88.49
306,73294,T48201321102,Texas,TX,Harris,321102,4098,1,19,0.21,88.65
307,73295,T48201321200,Texas,TX,Harris,321200,4512,1.16,19,0.21,88.64
308,73296,T48201321301,Texas,TX,Harris,321301,3364,0.22,19,0.21,88.71
309,73297,T48201321302,Texas,TX,Harris,321302,1892,0.4,19,0.21,88.62
310,73298,T48201321401,Texas,TX,Harris,321401,4321,0.81,19,0.21,88.53
311,73299,T48201321402,Texas,TX,Harris,321402,4077,0.76,19,0.21,88.43
312,73300,T48201321500,Texas,TX,Harris,321500,2717,0.37,19,0.21,88.5
313,73301,T48201321600,Texas,TX,Harris,321600,6792,1.13,19,0.21,88.38
314,73302,T48201321700,Texas,TX,Harris,321700,3108,0.76,18,0.21,88.58
315,73303,T48201321800,Texas,TX,Harris,321800,3927,0.51,18,0.2,88.35
316,73304,T48201321900,Texas,TX,Harris,321900,5657,0.96,19,0.19,88.13
317,73305,T48201322000,Texas,TX,Harris,322000,3771,0.28,19,0.18,87.84
318,73306,T48201322100,Texas,TX,Harris,322100,4142,0.85,20,0.19,88.01
319,73307,T48201322200,Texas,TX,Harris,322200,1831,0.37,19,0.18,86.98
320,73308,T48201322600,Texas,TX,Harris,322600,5237,0.97,20,0.18,88
321,73309,T48201322701,Texas,TX,Harris,322701,2807,0.31,20,0.18,88.11
322,73310,T48201322702,Texas,TX,Harris,322702,4336,0.5,20,0.18,87.91
323,73311,T48201322800,Texas,TX,Harris,322800,6246,1.22,20,0.18,88.06
324,73312,T48201322900,Texas,TX,Harris,322900,4072,0.65,19,0.18,87.71
325,73313,T48201323000,Texas,TX,Harris,323000,5821,0.55,20,0.18,87.2
326,73314,T48201323100,Texas,TX,Harris,323100,3492,0.8,20,0.19,88.06
327,73315,T48201323200,Texas,TX,Harris,323200,5595,0.82,20,0.2,88.22
328,73316,T48201323300,Texas,TX,Harris,323300,3397,0.51,20,0.19,88.12
329,73317,T48201323400,Texas,TX,Harris,323400,7275,0.78,19,0.21,88.81
330,73318,T48201323500,Texas,TX,Harris,323500,5349,1.04,19,0.21,88.62
331,73319,T48201323601,Texas,TX,Harris,323601,4041,1.12,19,0.21,88.47
332,73320,T48201323602,Texas,TX,Harris,323602,4963,0.88,19,0.21,88.51
333,73321,T48201323701,Texas,TX,Harris,323701,4397,0.9,19,0.21,88.44
334,73322,T48201323702,Texas,TX,Harris,323702,3252,0.41,19,0.21,88.61
335,73323,T48201323801,Texas,TX,Harris,323801,4068,0.52,20,0.21,88.53
336,73324,T48201323802,Texas,TX,Harris,323802,5005,0.94,20,0.21,88.42
337,73325,T48201323900,Texas,TX,Harris,323900,3710,1.11,20,0.21,88.53
338,73326,T48201324000,Texas,TX,Harris,324000,5817,3.11,20,0.21,88.34
339,73327,T48201324101,Texas,TX,Harris,324101,5279,1.15,19,0.18,87.76
340,73328,T48201324102,Texas,TX,Harris,324102,0,7.78,21,0.18,87.24
341,73329,T48201324200,Texas,TX,Harris,324200,1279,2.86,19,0.18,87.22
342,73330,T48201330101,Texas,TX,Harris,330101,5091,0.45,21,0.21,88.84
343,73331,T48201330102,Texas,TX,Harris,330102,2703,0.55,21,0.21,88.54
344,73332,T48201330200,Texas,TX,Harris,330200,4290,1.71,22,0.21,88.42
345,73333,T48201330301,Texas,TX,Harris,330301,7917,1.24,22,0.21,88.69
346,73334,T48201330302,Texas,TX,Harris,330302,5713,2.36,21,0.21,88.5
347,73335,T48201330303,Texas,TX,Harris,330303,4492,2.08,21,0.19,87.92
348,73336,T48201330400,Texas,TX,Harris,330400,4863,1.71,21,0.21,88.47
349,73337,T48201330500,Texas,TX,Harris,330500,4745,1.07,21,0.21,88.52
350,73338,T48201330600,Texas,TX,Harris,330600,7139,1.45,20,0.21,88.64
351,73339,T48201330700,Texas,TX,Harris,330700,8797,2.43,21,0.21,88.65
352,73340,T48201330801,Texas,TX,Harris,330801,6136,5.82,24,0.21,88.51
353,73341,T48201330802,Texas,TX,Harris,330802,9471,6.61,23,0.21,88.31
354,73342,T48201330901,Texas,TX,Harris,330901,9527,1.75,22,0.21,88.49
355,73343,T48201330902,Texas,TX,Harris,330902,3823,2.15,21,0.21,88.34
356,73344,T48201331100,Texas,TX,Harris,331100,4610,1.26,23,0.21,88.33
357,73345,T48201331200,Texas,TX,Harris,331200,4441,1.38,22,0.21,88.45
358,73346,T48201331300,Texas,TX,Harris,331300,5032,1.78,22,0.21,88.48
359,73347,T48201331400,Texas,TX,Harris,331400,2538,0.61,22,0.21,88.51
360,73348,T48201331501,Texas,TX,Harris,331501,3908,0.87,22,0.21,88.49
361,73349,T48201331502,Texas,TX,Harris,331502,5359,2.77,22,0.21,88.56
362,73350,T48201331602,Texas,TX,Harris,331602,3604,2.36,22,0.21,88.46
363,73351,T48201331603,Texas,TX,Harris,331603,4199,0.84,22,0.21,88.5
364,73352,T48201331604,Texas,TX,Harris,331604,2542,0.37,21,0.21,88.64
365,73353,T48201331700,Texas,TX,Harris,331700,4053,2.02,23,0.21,88.59
366,73354,T48201331800,Texas,TX,Harris,331800,3868,0.91,23,0.21,88.63
367,73355,T48201331900,Texas,TX,Harris,331900,3345,0.66,23,0.21,88.54
368,73356,T48201332000,Texas,TX,Harris,332000,6034,0.86,23,0.21,88.52
369,73357,T48201332100,Texas,TX,Harris,332100,2954,0.42,20,0.21,88.78
370,73358,T48201332200,Texas,TX,Harris,332200,4921,1.13,19,0.21,88.29
371,73359,T48201332300,Texas,TX,Harris,332300,2999,0.47,19,0.21,88.8
372,73360,T48201332400,Texas,TX,Harris,332400,4060,1.44,22,0.21,88.47
373,73361,T48201332500,Texas,TX,Harris,332500,3190,0.71,19,0.21,88.6
374,73362,T48201332600,Texas,TX,Harris,332600,6577,1.28,19,0.21,88.58
375,73363,T48201332700,Texas,TX,Harris,332700,2473,0.97,18,0.2,88.15
376,73364,T48201332800,Texas,TX,Harris,332800,3962,0.76,18,0.19,88.01
377,73365,T48201332900,Texas,TX,Harris,332900,4885,0.72,19,0.19,88.12
378,73366,T48201333000,Texas,TX,Harris,333000,3285,0.6,19,0.21,88.57
379,73367,T48201333100,Texas,TX,Harris,333100,3793,0.49,19,0.21,88.56
380,73368,T48201333201,Texas,TX,Harris,333201,4818,0.45,20,0.21,88.59
381,73369,T48201333203,Texas,TX,Harris,333203,2163,0.76,20,0.21,88.39
382,73370,T48201333204,Texas,TX,Harris,333204,1280,0.06,20,0.21,88.6
383,73371,T48201333205,Texas,TX,Harris,333205,1515,0.05,20,0.21,88.62
384,73372,T48201333301,Texas,TX,Harris,333301,5693,0.57,20,0.21,88.72
385,73373,T48201333302,Texas,TX,Harris,333302,3646,2.12,20,0.21,88.23
386,73374,T48201333501,Texas,TX,Harris,333501,3443,0.38,20,0.21,88.54
387,73375,T48201333502,Texas,TX,Harris,333502,2621,0.35,20,0.21,88.57
388,73376,T48201333600,Texas,TX,Harris,333600,3201,1.46,19,0.21,88.55
389,73377,T48201333700,Texas,TX,Harris,333700,3442,3.49,23,0.21,88.27
390,73378,T48201333801,Texas,TX,Harris,333801,4188,2.04,23,0.21,88.44
391,73379,T48201333802,Texas,TX,Harris,333802,5797,1.33,23,0.21,88.45
392,73380,T48201333903,Texas,TX,Harris,333903,3689,0.8,20,0.21,88.57
393,73381,T48201333904,Texas,TX,Harris,333904,5058,0.87,20,0.21,88.64
394,73382,T48201333905,Texas,TX,Harris,333905,4159,1.11,20,0.21,88.54
395,73383,T48201333906,Texas,TX,Harris,333906,5147,0.77,20,0.21,88.6
396,73384,T48201334001,Texas,TX,Harris,334001,3707,0.53,20,0.21,88.59
397,73385,T48201334002,Texas,TX,Harris,334002,2240,0.52,20,0.21,88.52
398,73386,T48201334003,Texas,TX,Harris,334003,6324,1.08,20,0.21,88.52
399,73387,T48201334101,Texas,TX,Harris,334101,7269,6.12,23,0.21,88.21
400,73388,T48201334102,Texas,TX,Harris,334102,7351,4.76,23,0.21,88.33
401,73389,T48201340101,Texas,TX,Harris,340101,1879,1.56,20,0.21,88.43
402,73390,T48201340102,Texas,TX,Harris,340102,5395,1.74,20,0.21,88.53
403,73391,T48201340201,Texas,TX,Harris,340201,0,3.94,20,0.21,88.22
404,73392,T48201340202,Texas,TX,Harris,340202,7911,6.49,20,0.21,88.4
405,73393,T48201340203,Texas,TX,Harris,340203,4434,4.59,21,0.21,88.35
406,73394,T48201340301,Texas,TX,Harris,340301,3906,1.41,20,0.21,88.41
407,73395,T48201340302,Texas,TX,Harris,340302,6761,1.34,20,0.21,88.48
408,73396,T48201340400,Texas,TX,Harris,340400,1306,0.63,20,0.21,88.25
409,73397,T48201340501,Texas,TX,Harris,340501,3904,0.8,20,0.21,88.5
410,73398,T48201340502,Texas,TX,Harris,340502,2878,0.3,20,0.21,88.63
411,73399,T48201340600,Texas,TX,Harris,340600,2563,0.63,20,0.21,88.34
412,73400,T48201340701,Texas,TX,Harris,340701,4055,0.74,20,0.21,88.58
413,73401,T48201340702,Texas,TX,Harris,340702,2961,0.5,20,0.21,88.56
414,73402,T48201340800,Texas,TX,Harris,340800,5580,1.13,20,0.21,88.48
415,73403,T48201340900,Texas,TX,Harris,340900,4528,1.55,20,0.21,88.53
416,73404,T48201341001,Texas,TX,Harris,341001,3957,0.48,20,0.21,88.51
417,73405,T48201341002,Texas,TX,Harris,341002,3695,0.7,20,0.21,88.56
418,73406,T48201341101,Texas,TX,Harris,341101,1480,1.01,20,0.21,88.32
419,73407,T48201341102,Texas,TX,Harris,341102,2641,0.81,20,0.21,88.4
420,73408,T48201341201,Texas,TX,Harris,341201,5326,3.29,21,0.21,88.43
421,73409,T48201341203,Texas,TX,Harris,341203,2330,0.55,20,0.21,88.49
422,73410,T48201341204,Texas,TX,Harris,341204,3843,1.44,20,0.21,88.42
423,73411,T48201341302,Texas,TX,Harris,341302,3441,0.79,20,0.21,88.38
424,73412,T48201341303,Texas,TX,Harris,341303,3304,0.46,20,0.21,88.57
425,73413,T48201341304,Texas,TX,Harris,341304,1956,4.25,20,0.21,88.41
426,73414,T48201341400,Texas,TX,Harris,341400,5663,6.08,22,0.21,88.42
427,73415,T48201341501,Texas,TX,Harris,341501,6736,1.66,22,0.21,88.45
428,73416,T48201341502,Texas,TX,Harris,341502,4361,1.88,22,0.21,88.47
429,73417,T48201341600,Texas,TX,Harris,341600,6711,8.21,22,0.22,88.45
430,73418,T48201341700,Texas,TX,Harris,341700,2723,1.14,20,0.24,88.44
431,73419,T48201341800,Texas,TX,Harris,341800,2489,1.77,20,0.21,88.46
432,73420,T48201342001,Texas,TX,Harris,342001,6812,1.97,20,0.21,88.31
433,73421,T48201342002,Texas,TX,Harris,342002,4436,1.42,19,0.21,88.35
434,73422,T48201342100,Texas,TX,Harris,342100,4292,1.81,20,0.21,88.32
435,73423,T48201342200,Texas,TX,Harris,342200,3918,1.12,20,0.21,88.33
436,73424,T48201342300,Texas,TX,Harris,342300,7213,1.09,20,0.21,88.73
437,73425,T48201342400,Texas,TX,Harris,342400,4007,1.33,20,0.19,88.05
438,73426,T48201342500,Texas,TX,Harris,342500,6240,2.53,20,0.19,87.8
439,73427,T48201342700,Texas,TX,Harris,342700,5145,1.36,21,0.19,87.95
440,73428,T48201342801,Texas,TX,Harris,342801,4867,0.89,20,0.2,88.21
441,73429,T48201342802,Texas,TX,Harris,342802,3988,2.01,21,0.18,87.63
442,73430,T48201342900,Texas,TX,Harris,342900,7084,2.32,20,0.21,88.34
443,73431,T48201343000,Texas,TX,Harris,343000,7460,2.29,20,0.21,88.27
444,73432,T48201343100,Texas,TX,Harris,343100,4556,0.8,20,0.21,88.54
445,73433,T48201343200,Texas,TX,Harris,343200,5089,1.83,21,0.21,88.33
446,73434,T48201343301,Texas,TX,Harris,343301,4400,4.51,22,0.2,87.97
447,73435,T48201343302,Texas,TX,Harris,343302,4876,1.76,20,0.21,88.38
448,73436,T48201343601,Texas,TX,Harris,343601,11,25.57,21,0.22,87.37
449,73437,T48201343602,Texas,TX,Harris,343602,3341,2.15,21,0.22,88.53
450,73438,T48201343700,Texas,TX,Harris,343700,3310,16.02,23,0.21,88.18
451,73439,T48201350101,Texas,TX,Harris,350101,5269,2.13,21,0.21,88.45
452,73440,T48201350102,Texas,TX,Harris,350102,4830,1.78,23,0.21,88.34
453,73441,T48201350103,Texas,TX,Harris,350103,7487,1.72,23,0.21,88.41
454,73442,T48201350104,Texas,TX,Harris,350104,4850,2.22,24,0.21,88.51
455,73443,T48201350201,Texas,TX,Harris,350201,3740,0.65,21,0.21,88.47
456,73444,T48201350202,Texas,TX,Harris,350202,4684,0.73,21,0.21,88.61
457,73445,T48201350300,Texas,TX,Harris,350300,6002,0.89,21,0.21,88.45
458,73446,T48201350400,Texas,TX,Harris,350400,6235,1.04,21,0.21,88.56
459,73447,T48201350500,Texas,TX,Harris,350500,7117,2.28,21,0.21,88.28
460,73448,T48201350601,Texas,TX,Harris,350601,4372,5.21,21,0.21,88.34
461,73449,T48201350603,Texas,TX,Harris,350603,4631,0.68,21,0.21,88.58
462,73450,T48201350604,Texas,TX,Harris,350604,3941,0.57,21,0.21,88.42
463,73451,T48201350700,Texas,TX,Harris,350700,2326,0.57,22,0.21,88.46
464,73452,T48201350801,Texas,TX,Harris,350801,5098,0.74,22,0.21,88.45
465,73453,T48201350803,Texas,TX,Harris,350803,2830,1.6,22,0.21,88.48
466,73454,T48201350804,Texas,TX,Harris,350804,5648,4.25,22,0.21,88.42
467,73455,T48201410101,Texas,TX,Harris,410101,2159,0.17,20,0.18,87.16
468,73456,T48201410102,Texas,TX,Harris,410102,4007,0.31,20,0.18,87.19
469,73457,T48201410201,Texas,TX,Harris,410201,2176,0.25,20,0.18,87.15
470,73458,T48201410202,Texas,TX,Harris,410202,3361,0.26,20,0.18,86.96
471,73459,T48201410300,Texas,TX,Harris,410300,3722,0.4,19,0.18,87.67
472,73460,T48201410401,Texas,TX,Harris,410401,3985,0.34,19,0.18,86.98
473,73461,T48201410402,Texas,TX,Harris,410402,2623,0.28,20,0.18,87.28
474,73462,T48201410501,Texas,TX,Harris,410501,1746,0.22,20,0.18,86.99
475,73463,T48201410502,Texas,TX,Harris,410502,3070,0.21,20,0.18,87.06
476,73464,T48201410601,Texas,TX,Harris,410601,3444,0.25,20,0.18,87.27
477,73465,T48201410602,Texas,TX,Harris,410602,2508,0.15,20,0.18,87.69
478,73466,T48201410703,Texas,TX,Harris,410703,2179,0.23,20,0.18,86.92
479,73467,T48201410704,Texas,TX,Harris,410704,1895,0.2,20,0.18,87.33
480,73468,T48201410705,Texas,TX,Harris,410705,916,0.19,20,0.18,86.96
481,73469,T48201410706,Texas,TX,Harris,410706,1738,0.17,20,0.18,87.89
482,73470,T48201410801,Texas,TX,Harris,410801,2578,0.21,19,0.18,87.41
483,73471,T48201410802,Texas,TX,Harris,410802,1631,0.2,19,0.18,87.65
484,73472,T48201410900,Texas,TX,Harris,410900,3535,0.29,20,0.18,87.25
485,73473,T48201411001,Texas,TX,Harris,411001,1986,0.18,19,0.18,87.5
486,73474,T48201411002,Texas,TX,Harris,411002,2186,0.13,19,0.18,87.13
487,73475,T48201411003,Texas,TX,Harris,411003,1614,0.26,19,0.18,87.56
488,73476,T48201411100,Texas,TX,Harris,411100,3420,0.53,19,0.18,86.98
489,73477,T48201411200,Texas,TX,Harris,411200,1759,1.36,19,0.18,87.45
490,73478,T48201411301,Texas,TX,Harris,411301,2119,0.35,17,0.18,87.35
491,73479,T48201411302,Texas,TX,Harris,411302,3217,0.21,17,0.18,87.59
492,73480,T48201411400,Texas,TX,Harris,411400,2774,0.68,19,0.18,87.07
493,73481,T48201411503,Texas,TX,Harris,411503,3478,0.35,19,0.18,86.94
494,73482,T48201411504,Texas,TX,Harris,411504,2329,0.36,18,0.18,86.98
495,73483,T48201411505,Texas,TX,Harris,411505,2826,0.33,18,0.18,86.89
496,73484,T48201411506,Texas,TX,Harris,411506,2273,0.15,18,0.18,87.25
497,73485,T48201411507,Texas,TX,Harris,411507,2093,0.12,18,0.18,87.51
498,73486,T48201411600,Texas,TX,Harris,411600,2933,0.53,18,0.18,87.52
499,73487,T48201411700,Texas,TX,Harris,411700,3793,0.47,18,0.18,87.78
500,73488,T48201411801,Texas,TX,Harris,411801,3257,0.48,18,0.18,87.47
501,73489,T48201411802,Texas,TX,Harris,411802,2758,0.36,19,0.18,86.91
502,73490,T48201411901,Texas,TX,Harris,411901,2079,0.38,20,0.18,87.09
503,73491,T48201411902,Texas,TX,Harris,411902,2135,0.33,20,0.18,87.05
504,73492,T48201412000,Texas,TX,Harris,412000,3744,0.58,19,0.18,86.89
505,73493,T48201412201,Texas,TX,Harris,412201,2882,0.38,18,0.18,87.6
506,73494,T48201412202,Texas,TX,Harris,412202,3093,0.56,21,0.18,86.84
507,73495,T48201412300,Texas,TX,Harris,412300,6837,0.93,21,0.18,86.9
508,73496,T48201412400,Texas,TX,Harris,412400,4503,0.66,21,0.18,86.86
509,73497,T48201412500,Texas,TX,Harris,412500,1835,0.25,21,0.18,87.57
510,73498,T48201412600,Texas,TX,Harris,412600,3801,0.47,21,0.18,86.95
511,73499,T48201412700,Texas,TX,Harris,412700,3370,0.8,21,0.18,87.56
512,73500,T48201412800,Texas,TX,Harris,412800,4905,0.8,21,0.18,87.63
513,73501,T48201412901,Texas,TX,Harris,412901,1577,0.33,21,0.2,88.2
514,73502,T48201412902,Texas,TX,Harris,412902,3126,0.49,22,0.21,88.31
515,73503,T48201413000,Texas,TX,Harris,413000,3507,0.63,21,0.18,87.7
516,73504,T48201413100,Texas,TX,Harris,413100,3088,0.56,21,0.18,87.26
517,73505,T48201413203,Texas,TX,Harris,413203,1547,0.1,21,0.18,87.69
518,73506,T48201413204,Texas,TX,Harris,413204,1077,0.09,21,0.18,87.79
519,73507,T48201413205,Texas,TX,Harris,413205,1458,0.12,21,0.18,87.61
520,73508,T48201413206,Texas,TX,Harris,413206,2813,0.1,21,0.18,87.97
521,73509,T48201413301,Texas,TX,Harris,413301,4489,0.56,22,0.19,88.03
522,73510,T48201413302,Texas,TX,Harris,413302,3209,0.69,22,0.2,88.21
523,73511,T48201420100,Texas,TX,Harris,420100,2773,0.45,22,0.21,88.48
524,73512,T48201420200,Texas,TX,Harris,420200,2430,0.65,22,0.21,88.49
525,73513,T48201420300,Texas,TX,Harris,420300,3544,0.94,22,0.21,88.39
526,73514,T48201420400,Texas,TX,Harris,420400,3487,0.99,22,0.21,88.39
527,73515,T48201420500,Texas,TX,Harris,420500,3845,0.91,22,0.21,88.43
528,73516,T48201420600,Texas,TX,Harris,420600,2279,0.47,22,0.21,88.43
529,73517,T48201420700,Texas,TX,Harris,420700,3039,0.9,22,0.21,88.42
530,73518,T48201420800,Texas,TX,Harris,420800,2274,0.83,21,0.21,88.17
531,73519,T48201420900,Texas,TX,Harris,420900,6386,1.36,21,0.18,86.92
532,73520,T48201421000,Texas,TX,Harris,421000,2567,0.73,21,0.18,86.85
533,73521,T48201421101,Texas,TX,Harris,421101,3257,0.48,17,0.18,87.34
534,73522,T48201421103,Texas,TX,Harris,421103,1473,0.13,20,0.18,86.83
535,73523,T48201421104,Texas,TX,Harris,421104,4376,0.2,17,0.18,87.9
536,73524,T48201421203,Texas,TX,Harris,421203,1782,0.09,17,0.18,88.09
537,73525,T48201421204,Texas,TX,Harris,421204,2428,0.09,17,0.18,88.07
538,73526,T48201421205,Texas,TX,Harris,421205,2315,0.16,20,0.17,86.98
539,73527,T48201421206,Texas,TX,Harris,421206,2054,0.06,20,0.18,88.03
540,73528,T48201421301,Texas,TX,Harris,421301,3576,0.1,20,0.17,86.82
541,73529,T48201421302,Texas,TX,Harris,421302,4423,0.47,20,0.17,86.11
542,73530,T48201421401,Texas,TX,Harris,421401,3517,0.11,20,0.18,87.23
543,73531,T48201421402,Texas,TX,Harris,421402,3284,0.06,20,0.18,88.14
544,73532,T48201421403,Texas,TX,Harris,421403,4597,0.26,20,0.18,87.39
545,73533,T48201421501,Texas,TX,Harris,421501,3528,0.34,20,0.18,86.97
546,73534,T48201421502,Texas,TX,Harris,421502,2838,0.25,20,0.18,87.76
547,73535,T48201421601,Texas,TX,Harris,421601,3112,0.24,20,0.18,87.44
548,73536,T48201421602,Texas,TX,Harris,421602,3409,0.33,20,0.18,87.44
549,73537,T48201421700,Texas,TX,Harris,421700,4594,0.74,21,0.2,88.14
550,73538,T48201421801,Texas,TX,Harris,421801,3072,0.12,21,0.21,88.36
551,73539,T48201421802,Texas,TX,Harris,421802,2467,0.34,21,0.2,88.25
552,73540,T48201421900,Texas,TX,Harris,421900,2899,0.66,22,0.21,88.24
553,73541,T48201422000,Texas,TX,Harris,422000,2597,0.57,22,0.21,88.5
554,73542,T48201422100,Texas,TX,Harris,422100,5115,0.94,22,0.21,88.54
555,73543,T48201422200,Texas,TX,Harris,422200,6024,0.69,21,0.18,87.01
556,73544,T48201422302,Texas,TX,Harris,422302,2289,0.27,21,0.18,87
557,73545,T48201422303,Texas,TX,Harris,422303,3550,0.15,21,0.18,86.96
558,73546,T48201422304,Texas,TX,Harris,422304,3810,0.2,21,0.18,86.94
559,73547,T48201422403,Texas,TX,Harris,422403,2783,0.35,22,0.18,87.06
560,73548,T48201422404,Texas,TX,Harris,422404,2966,0.18,21,0.18,87.19
561,73549,T48201422405,Texas,TX,Harris,422405,1589,0.08,21,0.18,86.96
562,73550,T48201422406,Texas,TX,Harris,422406,2473,0.24,21,0.18,86.88
563,73551,T48201422501,Texas,TX,Harris,422501,3381,0.34,21,0.18,87.02
564,73552,T48201422502,Texas,TX,Harris,422502,3458,0.39,22,0.18,86.92
565,73553,T48201422601,Texas,TX,Harris,422601,4607,0.42,20,0.18,87.05
566,73554,T48201422602,Texas,TX,Harris,422602,2338,0.47,20,0.18,86.87
567,73555,T48201422701,Texas,TX,Harris,422701,5107,0.72,20,0.17,86.72
568,73556,T48201422702,Texas,TX,Harris,422702,3257,0.5,19,0.17,86.45
569,73557,T48201422800,Texas,TX,Harris,422800,5138,0.9,19,0.17,86.49
570,73558,T48201422900,Texas,TX,Harris,422900,4874,0.64,19,0.17,86.76
571,73559,T48201423001,Texas,TX,Harris,423001,3019,0.16,19,0.18,87.26
572,73560,T48201423002,Texas,TX,Harris,423002,3072,0.56,19,0.18,86.94
573,73561,T48201423100,Texas,TX,Harris,423100,2739,0.65,19,0.18,86.78
574,73562,T48201423201,Texas,TX,Harris,423201,3252,0.76,19,0.18,86.85
575,73563,T48201423203,Texas,TX,Harris,423203,2567,0.32,19,0.18,86.86
576,73564,T48201423204,Texas,TX,Harris,423204,4062,0.25,20,0.18,87.02
577,73565,T48201423301,Texas,TX,Harris,423301,4393,0.65,20,0.18,86.76
578,73566,T48201423303,Texas,TX,Harris,423303,1809,0.18,20,0.18,86.82
579,73567,T48201423304,Texas,TX,Harris,423304,3605,0.62,20,0.18,86.78
580,73568,T48201423401,Texas,TX,Harris,423401,5329,0.89,19,0.18,86.83
581,73569,T48201423402,Texas,TX,Harris,423402,3944,0.6,19,0.18,86.83
582,73570,T48201423500,Texas,TX,Harris,423500,1995,0.48,19,0.18,86.79
583,73571,T48201423600,Texas,TX,Harris,423600,6943,1.3,21,0.18,86.78
584,73572,T48201430101,Texas,TX,Harris,430101,2990,0.58,18,0.18,86.99
585,73573,T48201430102,Texas,TX,Harris,430102,2847,1.14,17,0.18,87.4
586,73574,T48201430200,Texas,TX,Harris,430200,1518,0.28,17,0.18,87.22
587,73575,T48201430300,Texas,TX,Harris,430300,4385,1.97,17,0.17,86.38
588,73576,T48201430400,Texas,TX,Harris,430400,3118,2.16,16,0.17,86.13
589,73577,T48201430500,Texas,TX,Harris,430500,2380,0.97,16,0.17,86.14
590,73578,T48201430600,Texas,TX,Harris,430600,3832,1.46,16,0.17,86.15
591,73579,T48201430700,Texas,TX,Harris,430700,4191,0.73,16,0.17,85.92
592,73580,T48201430800,Texas,TX,Harris,430800,6091,1.32,16,0.17,85.94
593,73581,T48201430900,Texas,TX,Harris,430900,6406,1.11,16,0.17,86.1
594,73582,T48201431001,Texas,TX,Harris,431001,2616,0.85,16,0.17,86.2
595,73583,T48201431002,Texas,TX,Harris,431002,2929,0.78,16,0.17,85.94
596,73584,T48201431101,Texas,TX,Harris,431101,4023,0.33,16,0.17,86.33
597,73585,T48201431102,Texas,TX,Harris,431102,3912,0.36,16,0.17,86.49
598,73586,T48201431203,Texas,TX,Harris,431203,2117,0.18,16,0.17,86.75
599,73587,T48201431204,Texas,TX,Harris,431204,3185,0.34,16,0.17,86
600,73588,T48201431205,Texas,TX,Harris,431205,3207,0.08,16,0.17,86.71
601,73589,T48201431206,Texas,TX,Harris,431206,1985,0.18,16,0.17,86.24
602,73590,T48201431302,Texas,TX,Harris,431302,4662,0.53,17,0.18,86.87
603,73591,T48201431303,Texas,TX,Harris,431303,2019,0.11,17,0.17,86.35
604,73592,T48201431304,Texas,TX,Harris,431304,3195,0.17,17,0.17,86.4
605,73593,T48201431401,Texas,TX,Harris,431401,2228,0.14,17,0.18,87.47
606,73594,T48201431403,Texas,TX,Harris,431403,1504,0.13,17,0.18,87.62
607,73595,T48201431404,Texas,TX,Harris,431404,2166,0.15,17,0.18,87.49
608,73596,T48201431503,Texas,TX,Harris,431503,1591,0.12,16,0.17,86.33
609,73597,T48201431504,Texas,TX,Harris,431504,2396,0.31,17,0.18,86.85
610,73598,T48201431505,Texas,TX,Harris,431505,1603,0.12,17,0.18,87.01
611,73599,T48201431506,Texas,TX,Harris,431506,2822,0.28,17,0.18,87.48
612,73600,T48201431600,Texas,TX,Harris,431600,3493,1.15,17,0.18,86.82
613,73601,T48201431701,Texas,TX,Harris,431701,2454,0.37,17,0.18,87.08
614,73602,T48201431702,Texas,TX,Harris,431702,2847,0.77,17,0.18,87.35
615,73603,T48201431801,Texas,TX,Harris,431801,3531,0.48,17,0.18,86.99
616,73604,T48201431803,Texas,TX,Harris,431803,2597,0.13,17,0.18,87.54
617,73605,T48201431804,Texas,TX,Harris,431804,2690,0.42,17,0.18,87.31
618,73606,T48201431901,Texas,TX,Harris,431901,2390,0.14,17,0.18,87.34
619,73607,T48201431902,Texas,TX,Harris,431902,2963,0.36,17,0.18,87.34
620,73608,T48201432003,Texas,TX,Harris,432003,2066,0.14,17,0.18,87.71
621,73609,T48201432004,Texas,TX,Harris,432004,2273,0.42,17,0.18,87.51
622,73610,T48201432005,Texas,TX,Harris,432005,2740,0.14,17,0.18,86.86
623,73611,T48201432006,Texas,TX,Harris,432006,2025,0.14,17,0.17,86.47
624,73612,T48201432101,Texas,TX,Harris,432101,2907,0.22,16,0.17,86.06
625,73613,T48201432102,Texas,TX,Harris,432102,3704,0.4,16,0.17,86.46
626,73614,T48201432200,Texas,TX,Harris,432200,4232,0.65,16,0.17,86.41
627,73615,T48201432301,Texas,TX,Harris,432301,2858,0.17,16,0.17,86.44
628,73616,T48201432302,Texas,TX,Harris,432302,2241,0.1,16,0.17,86.48
629,73617,T48201432303,Texas,TX,Harris,432303,2221,0.42,16,0.17,86.15
630,73618,T48201432401,Texas,TX,Harris,432401,3632,0.28,16,0.17,86.41
631,73619,T48201432402,Texas,TX,Harris,432402,2482,0.43,16,0.17,86.19
632,73620,T48201432501,Texas,TX,Harris,432501,3801,0.36,16,0.17,86.37
633,73621,T48201432502,Texas,TX,Harris,432502,1765,0.29,16,0.17,85.95
634,73622,T48201432600,Texas,TX,Harris,432600,1867,0.63,16,0.17,86.23
635,73623,T48201432703,Texas,TX,Harris,432703,2057,0.18,17,0.18,87.98
636,73624,T48201432704,Texas,TX,Harris,432704,1724,0.27,17,0.18,87.42
637,73625,T48201432705,Texas,TX,Harris,432705,4271,0.18,17,0.17,86.75
638,73626,T48201432706,Texas,TX,Harris,432706,1962,0.26,17,0.18,86.56
639,73627,T48201432803,Texas,TX,Harris,432803,3174,0.13,19,0.17,86.71
640,73628,T48201432804,Texas,TX,Harris,432804,1955,0.76,20,0.17,85.79
641,73629,T48201432805,Texas,TX,Harris,432805,2017,0.34,19,0.17,86.2
642,73630,T48201432806,Texas,TX,Harris,432806,4345,0.16,19,0.17,86.72
643,73631,T48201432901,Texas,TX,Harris,432901,3161,0.57,19,0.17,85.93
644,73632,T48201432903,Texas,TX,Harris,432903,2196,0.15,19,0.17,86.72
645,73633,T48201432904,Texas,TX,Harris,432904,3797,0.44,19,0.17,86.64
646,73634,T48201433003,Texas,TX,Harris,433003,5580,0.36,19,0.17,86.47
647,73635,T48201433004,Texas,TX,Harris,433004,3390,0.2,19,0.17,86.67
648,73636,T48201433005,Texas,TX,Harris,433005,2409,0.3,19,0.17,86.07
649,73637,T48201433006,Texas,TX,Harris,433006,2401,0.11,19,0.17,86.71
650,73638,T48201433007,Texas,TX,Harris,433007,1507,0.14,19,0.17,86.31
651,73639,T48201433100,Texas,TX,Harris,433100,3398,0.33,19,0.17,86.24
652,73640,T48201433201,Texas,TX,Harris,433201,4801,0.43,19,0.17,86.7
653,73641,T48201433202,Texas,TX,Harris,433202,4367,0.45,19,0.17,86.72
654,73642,T48201433300,Texas,TX,Harris,433300,5351,0.94,19,0.17,86.49
655,73643,T48201433400,Texas,TX,Harris,433400,4276,0.66,19,0.17,86.77
656,73644,T48201433503,Texas,TX,Harris,433503,1783,0.12,19,0.17,86.86
657,73645,T48201433504,Texas,TX,Harris,433504,3739,0.36,19,0.18,86.78
658,73646,T48201433505,Texas,TX,Harris,433505,2898,0.08,19,0.18,87.24
659,73647,T48201433506,Texas,TX,Harris,433506,2145,0.05,19,0.18,87.22
660,73648,T48201433507,Texas,TX,Harris,433507,3145,0.19,19,0.18,86.9
661,73649,T48201433601,Texas,TX,Harris,433601,2837,0.26,18,0.18,86.92
662,73650,T48201433602,Texas,TX,Harris,433602,3707,0.3,18,0.18,86.84
663,73651,T48201440101,Texas,TX,Harris,440101,2269,0.88,20,0.18,86.75
664,73652,T48201440102,Texas,TX,Harris,440102,4556,1.27,19,0.18,86.8
665,73653,T48201450100,Texas,TX,Harris,450100,1908,0.32,16,0.17,86.11
666,73654,T48201450200,Texas,TX,Harris,450200,5749,1.06,16,0.17,86.37
667,73655,T48201450301,Texas,TX,Harris,450301,2944,0.39,16,0.17,86.43
668,73656,T48201450302,Texas,TX,Harris,450302,5318,0.62,17,0.17,86.14
669,73657,T48201450401,Texas,TX,Harris,450401,2180,0.17,17,0.17,86.33
670,73658,T48201450402,Texas,TX,Harris,450402,2299,0.59,17,0.17,86.18
671,73659,T48201450500,Texas,TX,Harris,450500,3386,1.15,18,0.17,85.8
672,73660,T48201450600,Texas,TX,Harris,450600,5294,0.74,17,0.17,86.01
673,73661,T48201450700,Texas,TX,Harris,450700,6765,1.73,17,0.17,85.84
674,73662,T48201450801,Texas,TX,Harris,450801,2069,0.36,16,0.17,86.56
675,73663,T48201450803,Texas,TX,Harris,450803,4657,0.42,16,0.17,86.43
676,73664,T48201450804,Texas,TX,Harris,450804,3023,0.25,16,0.17,86.01
677,73665,T48201450900,Texas,TX,Harris,450900,2872,0.63,16,0.17,86.04
678,73666,T48201451003,Texas,TX,Harris,451003,3115,0.09,16,0.17,86.75
679,73667,T48201451004,Texas,TX,Harris,451004,2274,0.14,16,0.17,86.42
680,73668,T48201451005,Texas,TX,Harris,451005,1859,0.12,16,0.17,86.5
681,73669,T48201451006,Texas,TX,Harris,451006,2478,0.4,16,0.17,86.22
682,73670,T48201451100,Texas,TX,Harris,451100,4383,0.96,16,0.17,86.13
683,73671,T48201451200,Texas,TX,Harris,451200,2686,0.67,17,0.17,86.34
684,73672,T48201451301,Texas,TX,Harris,451301,4296,0.59,17,0.17,86.41
685,73673,T48201451302,Texas,TX,Harris,451302,2877,0.61,17,0.17,85.89
686,73674,T48201451401,Texas,TX,Harris,451401,3707,0.42,17,0.17,86.05
687,73675,T48201451404,Texas,TX,Harris,451404,4269,0.22,18,0.17,86.72
688,73676,T48201451405,Texas,TX,Harris,451405,2369,0.24,18,0.17,86.56
689,73677,T48201451406,Texas,TX,Harris,451406,2986,0.43,17,0.17,86.07
690,73678,T48201451407,Texas,TX,Harris,451407,1672,0.11,17,0.17,86.61
691,73679,T48201451501,Texas,TX,Harris,451501,3046,0.3,18,0.17,86.21
692,73680,T48201451502,Texas,TX,Harris,451502,2683,0.5,17,0.17,86.03
693,73681,T48201451603,Texas,TX,Harris,451603,3672,0.51,18,0.17,86.25
694,73682,T48201451604,Texas,TX,Harris,451604,4292,0.8,18,0.17,85.99
695,73683,T48201451605,Texas,TX,Harris,451605,4317,0.34,18,0.17,86.44
696,73684,T48201451606,Texas,TX,Harris,451606,5883,1.32,18,0.17,86.08
697,73685,T48201451700,Texas,TX,Harris,451700,4224,0.69,18,0.17,86
698,73686,T48201451800,Texas,TX,Harris,451800,5319,1.87,18,0.17,86.38
699,73687,T48201451902,Texas,TX,Harris,451902,2517,0.8,17,0.17,85.88
700,73688,T48201451903,Texas,TX,Harris,451903,4153,0.23,17,0.17,86.23
701,73689,T48201451904,Texas,TX,Harris,451904,3966,0.58,18,0.17,86.56
702,73690,T48201452001,Texas,TX,Harris,452001,4678,0.42,18,0.17,86.51
703,73691,T48201452002,Texas,TX,Harris,452002,3875,0.34,17,0.17,86.18
704,73692,T48201452101,Texas,TX,Harris,452101,6357,1.44,17,0.17,85.89
705,73693,T48201452102,Texas,TX,Harris,452102,1896,0.07,16,0.17,86.4
706,73694,T48201452103,Texas,TX,Harris,452103,2165,0.25,16,0.17,86.2
707,73695,T48201452202,Texas,TX,Harris,452202,3451,0.58,16,0.17,86.32
708,73696,T48201452203,Texas,TX,Harris,452203,3100,0.31,16,0.17,86.36
709,73697,T48201452204,Texas,TX,Harris,452204,2617,0.22,16,0.17,86.36
710,73698,T48201452300,Texas,TX,Harris,452300,2226,0.79,19,0.17,85.83
711,73699,T48201452401,Texas,TX,Harris,452401,3976,0.34,17,0.17,86.07
712,73700,T48201452402,Texas,TX,Harris,452402,4048,0.53,20,0.17,85.95
713,73701,T48201452501,Texas,TX,Harris,452501,2472,0.79,17,0.17,85.95
714,73702,T48201452502,Texas,TX,Harris,452502,4912,0.44,18,0.17,86.66
715,73703,T48201452601,Texas,TX,Harris,452601,4393,0.3,16,0.17,86.74
716,73704,T48201452602,Texas,TX,Harris,452602,3367,0.73,18,0.17,85.93
717,73705,T48201452701,Texas,TX,Harris,452701,4557,0.56,19,0.17,86.02
718,73706,T48201452702,Texas,TX,Harris,452702,3911,0.69,19,0.17,86.51
719,73707,T48201452703,Texas,TX,Harris,452703,3897,0.55,16,0.17,86.49
720,73708,T48201452801,Texas,TX,Harris,452801,5751,0.62,21,0.17,86.07
721,73709,T48201452802,Texas,TX,Harris,452802,5928,0.51,20,0.17,86.14
722,73710,T48201452900,Texas,TX,Harris,452900,4274,0.51,20,0.17,86.76
723,73711,T48201453001,Texas,TX,Harris,453001,2455,0.27,20,0.17,86.8
724,73712,T48201453002,Texas,TX,Harris,453002,5141,0.8,20,0.17,86.65
725,73713,T48201453100,Texas,TX,Harris,453100,4304,0.87,19,0.17,86.7
726,73714,T48201453201,Texas,TX,Harris,453201,3546,0.17,19,0.17,86.84
727,73715,T48201453202,Texas,TX,Harris,453202,4228,0.51,19,0.18,86.85
728,73716,T48201453300,Texas,TX,Harris,453300,3485,0.8,20,0.18,86.73
729,73717,T48201453401,Texas,TX,Harris,453401,3042,0.38,20,0.18,86.83
730,73718,T48201453403,Texas,TX,Harris,453403,4107,0.27,19,0.18,86.97
731,73719,T48201453404,Texas,TX,Harris,453404,4379,0.45,19,0.18,86.91
732,73720,T48201453405,Texas,TX,Harris,453405,3962,0.49,19,0.18,86.79
733,73721,T48201453501,Texas,TX,Harris,453501,6335,0.6,19,0.18,86.97
734,73722,T48201453502,Texas,TX,Harris,453502,3926,0.51,19,0.18,86.85
735,73723,T48201453601,Texas,TX,Harris,453601,2161,0.47,19,0.18,86.93
736,73724,T48201453603,Texas,TX,Harris,453603,3291,0.54,19,0.18,86.88
737,73725,T48201453604,Texas,TX,Harris,453604,4147,0.46,19,0.18,86.85
738,73726,T48201453701,Texas,TX,Harris,453701,4531,0.52,20,0.18,86.87
739,73727,T48201453702,Texas,TX,Harris,453702,4221,0.39,19,0.18,86.84
740,73728,T48201453800,Texas,TX,Harris,453800,3668,0.72,19,0.18,86.92
741,73729,T48201453901,Texas,TX,Harris,453901,5934,0.9,19,0.18,86.79
742,73730,T48201453902,Texas,TX,Harris,453902,4140,0.37,19,0.18,86.94
743,73731,T48201454000,Texas,TX,Harris,454000,5260,0.82,16,0.17,86.62
744,73732,T48201454100,Texas,TX,Harris,454100,3667,0.68,16,0.17,86.35
745,73733,T48201454200,Texas,TX,Harris,454200,3977,0.57,15,0.17,86.32
746,73734,T48201454302,Texas,TX,Harris,454302,6792,1.07,16,0.17,86.03
747,73735,T48201454303,Texas,TX,Harris,454303,3471,0.56,16,0.17,86.48
748,73736,T48201454304,Texas,TX,Harris,454304,4830,0.33,17,0.17,86.61
749,73737,T48201454305,Texas,TX,Harris,454305,4288,0.66,17,0.17,86.5
750,73738,T48201454400,Texas,TX,Harris,454400,1046,13.18,18,0.17,85.96
751,73739,T48201454502,Texas,TX,Harris,454502,2672,2.95,15,0.17,86.19
752,73740,T48201454503,Texas,TX,Harris,454503,2575,0.57,15,0.17,86.2
753,73741,T48201454504,Texas,TX,Harris,454504,5913,2.81,17,0.17,86.07
754,73742,T48201454505,Texas,TX,Harris,454505,2606,1.18,17,0.17,86.17
755,73743,T48201454600,Texas,TX,Harris,454600,5895,1.34,15,0.17,85.87
756,73744,T48201454700,Texas,TX,Harris,454700,6908,1.36,14,0.17,86.23
757,73745,T48201454801,Texas,TX,Harris,454801,3539,0.48,14,0.17,86.05
758,73746,T48201454802,Texas,TX,Harris,454802,4514,0.66,14,0.17,86.35
759,73747,T48201454901,Texas,TX,Harris,454901,3105,0.42,14,0.17,86.29
760,73748,T48201454902,Texas,TX,Harris,454902,8752,1.39,14,0.17,86.15
761,73749,T48201455000,Texas,TX,Harris,455000,2756,0.51,14,0.17,86.28
762,73750,T48201455102,Texas,TX,Harris,455102,3235,0.62,14,0.17,86.3
763,73751,T48201455103,Texas,TX,Harris,455103,3857,0.58,14,0.17,86.42
764,73752,T48201455104,Texas,TX,Harris,455104,3108,0.49,14,0.17,86.49
765,73753,T48201455200,Texas,TX,Harris,455200,4431,1.17,14,0.17,86.27
766,73754,T48201455300,Texas,TX,Harris,455300,12949,2.09,14,0.17,86.54
767,73755,T48201510100,Texas,TX,Harris,510100,2832,0.57,20,0.18,86.99
768,73756,T48201510201,Texas,TX,Harris,510201,2972,0.36,20,0.18,87.48
769,73757,T48201510202,Texas,TX,Harris,510202,4494,1.03,20,0.18,86.88
770,73758,T48201510301,Texas,TX,Harris,510301,2855,0.57,21,0.18,87.07
771,73759,T48201510302,Texas,TX,Harris,510302,2868,0.36,21,0.18,87.14
772,73760,T48201510400,Texas,TX,Harris,510400,4173,0.58,20,0.18,86.92
773,73761,T48201510500,Texas,TX,Harris,510500,4675,0.69,19,0.18,87.06
774,73762,T48201510601,Texas,TX,Harris,510601,3158,0.35,19,0.18,86.89
775,73763,T48201510602,Texas,TX,Harris,510602,4380,0.47,18,0.18,87.04
776,73764,T48201510701,Texas,TX,Harris,510701,2347,0.23,19,0.18,87.63
777,73765,T48201510702,Texas,TX,Harris,510702,1956,0.2,19,0.18,86.94
778,73766,T48201510801,Texas,TX,Harris,510801,4404,0.34,19,0.18,86.9
779,73767,T48201510802,Texas,TX,Harris,510802,2207,2.82,18,0.18,87.45
780,73768,T48201510803,Texas,TX,Harris,510803,2444,0.33,19,0.18,87.07
781,73769,T48201510901,Texas,TX,Harris,510901,5293,0.55,18,0.18,87.5
782,73770,T48201510902,Texas,TX,Harris,510902,3854,1.58,18,0.18,86.97
783,73771,T48201511001,Texas,TX,Harris,511001,2962,0.89,18,0.18,87.42
784,73772,T48201511003,Texas,TX,Harris,511003,2535,0.42,18,0.18,87.3
785,73773,T48201511004,Texas,TX,Harris,511004,1764,0.41,18,0.18,87.32
786,73774,T48201511100,Texas,TX,Harris,511100,4100,0.74,19,0.18,86.99
787,73775,T48201511201,Texas,TX,Harris,511201,2856,0.43,18,0.18,87.05
788,73776,T48201511202,Texas,TX,Harris,511202,3575,0.39,19,0.18,87.61
789,73777,T48201511301,Texas,TX,Harris,511301,4208,0.71,19,0.18,86.99
790,73778,T48201511302,Texas,TX,Harris,511302,4012,0.62,20,0.18,86.95
791,73779,T48201511400,Texas,TX,Harris,511400,2979,0.45,21,0.18,86.96
792,73780,T48201511501,Texas,TX,Harris,511501,3158,0.49,19,0.18,87.29
793,73781,T48201511502,Texas,TX,Harris,511502,4852,0.72,20,0.18,86.93
794,73782,T48201511600,Texas,TX,Harris,511600,3759,0.76,21,0.18,87.03
795,73783,T48201520100,Texas,TX,Harris,520100,2600,1.15,18,0.18,87.33
796,73784,T48201520200,Texas,TX,Harris,520200,3495,0.73,18,0.18,86.94
797,73785,T48201520301,Texas,TX,Harris,520301,1976,0.26,18,0.18,87.13
798,73786,T48201520302,Texas,TX,Harris,520302,2391,0.31,18,0.18,87.71
799,73787,T48201520400,Texas,TX,Harris,520400,3402,0.8,18,0.18,87.45
800,73788,T48201520501,Texas,TX,Harris,520501,3641,1.8,19,0.18,86.88
801,73789,T48201520502,Texas,TX,Harris,520502,4643,1.13,18,0.17,86.62
802,73790,T48201520601,Texas,TX,Harris,520601,2328,0.77,18,0.18,86.55
803,73791,T48201520603,Texas,TX,Harris,520603,2463,0.14,17,0.18,88.16
804,73792,T48201520604,Texas,TX,Harris,520604,3068,0.39,16,0.17,86.74
805,73793,T48201520700,Texas,TX,Harris,520700,4429,0.77,17,0.17,86.51
806,73794,T48201521000,Texas,TX,Harris,521000,2289,0.46,16,0.17,86.23
807,73795,T48201521100,Texas,TX,Harris,521100,2263,0.23,16,0.17,86.57
808,73796,T48201521201,Texas,TX,Harris,521201,2371,0.19,16,0.17,86.46
809,73797,T48201521202,Texas,TX,Harris,521202,4003,0.54,16,0.17,86.05
810,73798,T48201521300,Texas,TX,Harris,521300,6033,1.15,16,0.17,86.07
811,73799,T48201521401,Texas,TX,Harris,521401,3497,0.23,16,0.17,86.57
812,73800,T48201521402,Texas,TX,Harris,521402,3612,0.36,16,0.17,86.73
813,73801,T48201521501,Texas,TX,Harris,521501,2619,0.19,16,0.17,86.74
814,73802,T48201521502,Texas,TX,Harris,521502,2917,0.6,16,0.17,86.4
815,73803,T48201521600,Texas,TX,Harris,521600,3531,2.61,16,0.17,85.81
816,73804,T48201521701,Texas,TX,Harris,521701,3620,1.59,16,0.17,86.25
817,73805,T48201521702,Texas,TX,Harris,521702,3765,0.55,17,0.17,85.84
818,73806,T48201521800,Texas,TX,Harris,521800,5258,2.8,16,0.17,85.89
819,73807,T48201521900,Texas,TX,Harris,521900,6596,1.49,16,0.17,85.95
820,73808,T48201522001,Texas,TX,Harris,522001,2002,0.45,16,0.17,86.03
821,73809,T48201522002,Texas,TX,Harris,522002,2322,0.35,16,0.17,86.46
822,73810,T48201522101,Texas,TX,Harris,522101,3549,0.35,16,0.17,86.48
823,73811,T48201522102,Texas,TX,Harris,522102,4186,0.55,16,0.17,86.25
824,73812,T48201522201,Texas,TX,Harris,522201,4016,0.64,16,0.17,86.15
825,73813,T48201522202,Texas,TX,Harris,522202,3855,0.69,16,0.17,86.27
826,73814,T48201522301,Texas,TX,Harris,522301,3792,0.54,16,0.17,86.38
827,73815,T48201522302,Texas,TX,Harris,522302,3641,0.51,16,0.17,86.44
828,73816,T48201522401,Texas,TX,Harris,522401,5813,1.07,16,0.17,86.02
829,73817,T48201522402,Texas,TX,Harris,522402,3781,1.13,16,0.17,86.19
830,73818,T48201522500,Texas,TX,Harris,522500,5045,1.5,17,0.17,86.44
831,73819,T48201530101,Texas,TX,Harris,530101,3938,0.35,19,0.18,87.79
832,73820,T48201530102,Texas,TX,Harris,530102,1690,0.67,19,0.18,87.45
833,73821,T48201530200,Texas,TX,Harris,530200,3766,1.39,19,0.18,87.45
834,73822,T48201530300,Texas,TX,Harris,530300,2680,0.72,20,0.18,87
835,73823,T48201530400,Texas,TX,Harris,530400,2781,0.62,19,0.18,87.07
836,73824,T48201530501,Texas,TX,Harris,530501,1941,0.41,18,0.18,87.74
837,73825,T48201530502,Texas,TX,Harris,530502,2490,0.51,19,0.18,87.79
838,73826,T48201530600,Texas,TX,Harris,530600,3343,1.21,20,0.18,87.02
839,73827,T48201530701,Texas,TX,Harris,530701,1557,0.38,17,0.18,87.68
840,73828,T48201530702,Texas,TX,Harris,530702,4422,0.7,18,0.18,87.58
841,73829,T48201530800,Texas,TX,Harris,530800,4133,1.79,18,0.18,87.57
842,73830,T48201530900,Texas,TX,Harris,530900,4466,0.78,18,0.18,87
843,73831,T48201531000,Texas,TX,Harris,531000,4296,0.93,19,0.18,87.19
844,73832,T48201531100,Texas,TX,Harris,531100,3377,0.64,19,0.18,87.27
845,73833,T48201531200,Texas,TX,Harris,531200,3381,0.76,19,0.18,87.31
846,73834,T48201531300,Texas,TX,Harris,531300,4817,0.6,19,0.18,87.74
847,73835,T48201531400,Texas,TX,Harris,531400,2017,0.42,18,0.18,87.24
848,73836,T48201531500,Texas,TX,Harris,531500,3050,0.74,18,0.18,87.1
849,73837,T48201531600,Texas,TX,Harris,531600,3007,0.93,18,0.18,87.08
850,73838,T48201531700,Texas,TX,Harris,531700,3516,0.73,18,0.18,87.15
851,73839,T48201531800,Texas,TX,Harris,531800,2709,1.27,18,0.18,87.81
852,73840,T48201531900,Texas,TX,Harris,531900,5152,1.7,18,0.18,87.94
853,73841,T48201532003,Texas,TX,Harris,532003,3054,0.4,17,0.18,87.5
854,73842,T48201532004,Texas,TX,Harris,532004,5195,0.62,18,0.18,87.98
855,73843,T48201532101,Texas,TX,Harris,532101,3623,0.45,18,0.18,87.84
856,73844,T48201532102,Texas,TX,Harris,532102,3104,0.28,18,0.18,88.13
857,73845,T48201532200,Texas,TX,Harris,532200,3782,0.73,17,0.18,87.58
858,73846,T48201532301,Texas,TX,Harris,532301,2988,0.91,16,0.17,86.3
859,73847,T48201532302,Texas,TX,Harris,532302,3476,1.51,17,0.17,86.39
860,73848,T48201532400,Texas,TX,Harris,532400,6963,1.83,16,0.17,86.71
861,73849,T48201532502,Texas,TX,Harris,532502,5299,1.05,15,0.17,86.63
862,73850,T48201532503,Texas,TX,Harris,532503,5206,0.83,15,0.17,86.11
863,73851,T48201532504,Texas,TX,Harris,532504,4716,1.05,16,0.17,86.33
864,73852,T48201532600,Texas,TX,Harris,532600,6483,1.04,16,0.18,87.1
865,73853,T48201532700,Texas,TX,Harris,532700,5087,1.05,16,0.18,87.61
866,73854,T48201532800,Texas,TX,Harris,532800,1893,0.53,16,0.18,87.37
867,73855,T48201532900,Texas,TX,Harris,532900,5297,0.67,17,0.18,87.65
868,73856,T48201533000,Texas,TX,Harris,533000,2715,0.69,17,0.18,87.09
869,73857,T48201533100,Texas,TX,Harris,533100,6919,1.37,17,0.18,87.15
870,73858,T48201533200,Texas,TX,Harris,533200,4148,1.04,18,0.18,87.72
871,73859,T48201533301,Texas,TX,Harris,533301,2763,0.74,18,0.18,87.18
872,73860,T48201533302,Texas,TX,Harris,533302,3514,0.64,17,0.18,87.39
873,73861,T48201533401,Texas,TX,Harris,533401,5268,0.8,17,0.18,87.34
874,73862,T48201533402,Texas,TX,Harris,533402,6233,1.84,17,0.18,87.64
875,73863,T48201533500,Texas,TX,Harris,533500,4358,1.04,16,0.18,87.76
876,73864,T48201533600,Texas,TX,Harris,533600,5455,1.38,16,0.18,87.55
877,73865,T48201533701,Texas,TX,Harris,533701,5885,3.48,16,0.18,87.14
878,73866,T48201533702,Texas,TX,Harris,533702,3351,0.38,16,0.18,87.54
879,73867,T48201533802,Texas,TX,Harris,533802,7281,2.17,17,0.18,87.07
880,73868,T48201533803,Texas,TX,Harris,533803,6639,1.35,17,0.18,87.06
881,73869,T48201533804,Texas,TX,Harris,533804,4703,1.96,17,0.18,87.63
882,73870,T48201533902,Texas,TX,Harris,533902,5159,0.76,16,0.17,86.51
883,73871,T48201533903,Texas,TX,Harris,533903,4586,0.65,16,0.18,87.12
884,73872,T48201533904,Texas,TX,Harris,533904,4543,0.48,16,0.18,87.25
885,73873,T48201534001,Texas,TX,Harris,534001,3492,1.52,17,0.18,86.88
886,73874,T48201534002,Texas,TX,Harris,534002,5653,1.27,16,0.17,86.14
887,73875,T48201534003,Texas,TX,Harris,534003,2703,0.52,16,0.17,85.98
888,73876,T48201534101,Texas,TX,Harris,534101,2909,3.02,15,0.17,86.13
889,73877,T48201534102,Texas,TX,Harris,534102,4960,1.95,15,0.17,86.02
890,73878,T48201534201,Texas,TX,Harris,534201,3035,1.3,14,0.17,86.17
891,73879,T48201534203,Texas,TX,Harris,534203,2067,1.66,15,0.17,85.86
892,73880,T48201534204,Texas,TX,Harris,534204,5302,0.9,15,0.17,86.4
893,73881,T48201534205,Texas,TX,Harris,534205,4591,0.98,15,0.17,86.44
894,73882,T48201540101,Texas,TX,Harris,540101,6790,4.73,16,0.17,86.22
895,73883,T48201540102,Texas,TX,Harris,540102,5296,3.93,16,0.17,85.86
896,73884,T48201540200,Texas,TX,Harris,540200,2438,0.98,16,0.17,86.01
897,73885,T48201540502,Texas,TX,Harris,540502,5417,1.62,16,0.17,85.99
898,73886,T48201540503,Texas,TX,Harris,540503,2594,0.28,16,0.17,86.55
899,73887,T48201540504,Texas,TX,Harris,540504,3432,0.43,16,0.17,86.42
900,73888,T48201540601,Texas,TX,Harris,540601,4626,0.63,15,0.17,86.13
901,73889,T48201540602,Texas,TX,Harris,540602,7197,1.08,16,0.17,86.03
902,73890,T48201540700,Texas,TX,Harris,540700,7307,2.94,16,0.17,86.31
903,73891,T48201540800,Texas,TX,Harris,540800,7669,3.75,16,0.17,85.92
904,73892,T48201540901,Texas,TX,Harris,540901,2810,0.63,16,0.17,85.96
905,73893,T48201540903,Texas,TX,Harris,540903,2813,0.56,16,0.17,86.4
906,73894,T48201540904,Texas,TX,Harris,540904,5060,1.22,16,0.17,86.29
907,73895,T48201541004,Texas,TX,Harris,541004,6236,1.45,17,0.17,85.9
908,73896,T48201541005,Texas,TX,Harris,541005,4888,0.64,17,0.17,86.57
909,73897,T48201541006,Texas,TX,Harris,541006,5899,0.89,17,0.17,86.38
910,73898,T48201541007,Texas,TX,Harris,541007,7529,1.75,17,0.17,86.36
911,73899,T48201541008,Texas,TX,Harris,541008,3871,2.21,18,0.17,86.26
912,73900,T48201541009,Texas,TX,Harris,541009,5467,0.86,18,0.17,85.98
913,73901,T48201541100,Texas,TX,Harris,541100,6719,1.33,17,0.17,86.11
914,73902,T48201541203,Texas,TX,Harris,541203,2607,0.6,17,0.17,86.31
915,73903,T48201541204,Texas,TX,Harris,541204,5676,0.72,17,0.17,86.01
916,73904,T48201541205,Texas,TX,Harris,541205,3168,0.53,17,0.17,86.46
917,73905,T48201541206,Texas,TX,Harris,541206,4603,0.87,16,0.17,85.91
918,73906,T48201541207,Texas,TX,Harris,541207,4470,0.89,17,0.17,85.86
919,73907,T48201541301,Texas,TX,Harris,541301,6610,1.25,17,0.17,86.47
920,73908,T48201541302,Texas,TX,Harris,541302,6877,0.83,16,0.17,86.45
921,73909,T48201541401,Texas,TX,Harris,541401,4347,0.56,16,0.17,86.4
922,73910,T48201541402,Texas,TX,Harris,541402,3401,0.39,16,0.17,86.68
923,73911,T48201541403,Texas,TX,Harris,541403,2834,0.29,17,0.17,86.74
924,73912,T48201541404,Texas,TX,Harris,541404,4168,0.49,16,0.17,86.45
925,73913,T48201541500,Texas,TX,Harris,541500,5616,1.2,17,0.17,85.93
926,73914,T48201541603,Texas,TX,Harris,541603,7741,0.93,17,0.17,86.08
927,73915,T48201541604,Texas,TX,Harris,541604,9548,2.87,17,0.17,85.92
928,73916,T48201541701,Texas,TX,Harris,541701,5802,3.15,17,0.17,86.1
929,73917,T48201541702,Texas,TX,Harris,541702,2458,1.05,18,0.17,86.2
930,73918,T48201541703,Texas,TX,Harris,541703,3633,4.13,18,0.17,86.55
931,73919,T48201541801,Texas,TX,Harris,541801,3656,0.56,16,0.17,85.99
932,73920,T48201541802,Texas,TX,Harris,541802,4277,1.38,17,0.17,86.27
933,73921,T48201541901,Texas,TX,Harris,541901,2705,0.99,17,0.17,85.91
934,73922,T48201541902,Texas,TX,Harris,541902,4884,1.17,15,0.17,86.16
935,73923,T48201542001,Texas,TX,Harris,542001,4661,0.59,15,0.17,86.1
936,73924,T48201542002,Texas,TX,Harris,542002,3102,0.53,15,0.17,86.1
937,73925,T48201542003,Texas,TX,Harris,542003,4315,0.46,15,0.17,86.05
938,73926,T48201542004,Texas,TX,Harris,542004,3164,0.54,16,0.17,85.97
939,73927,T48201542103,Texas,TX,Harris,542103,10308,1.47,16,0.17,86.01
940,73928,T48201542104,Texas,TX,Harris,542104,7584,0.84,15,0.17,86.65
941,73929,T48201542105,Texas,TX,Harris,542105,10506,1.24,15,0.17,86.55
942,73930,T48201542106,Texas,TX,Harris,542106,8799,1.19,15,0.17,86.12
943,73931,T48201542107,Texas,TX,Harris,542107,3938,0.54,16,0.17,86.33
944,73932,T48201542108,Texas,TX,Harris,542108,3568,0.75,16,0.17,86.05
945,73933,T48201542201,Texas,TX,Harris,542201,7199,0.76,15,0.17,86.71
946,73934,T48201542202,Texas,TX,Harris,542202,9767,5.52,15,0.17,86.42
947,73935,T48201542203,Texas,TX,Harris,542203,10747,3.17,15,0.17,86.09
948,73936,T48201542302,Texas,TX,Harris,542302,7400,1.78,14,0.17,86.29
949,73937,T48201542303,Texas,TX,Harris,542303,3278,0.53,14,0.17,86.54
950,73938,T48201542304,Texas,TX,Harris,542304,5695,0.78,15,0.17,85.95
951,73939,T48201542305,Texas,TX,Harris,542305,6245,1.02,14,0.17,86.48
952,73940,T48201542401,Texas,TX,Harris,542401,4682,0.48,15,0.17,86.63
953,73941,T48201542402,Texas,TX,Harris,542402,6535,1.72,15,0.17,85.85
954,73942,T48201542500,Texas,TX,Harris,542500,3870,1.71,14,0.17,85.85
955,73943,T48201542600,Texas,TX,Harris,542600,6042,1.71,14,0.17,86.09
956,73944,T48201542700,Texas,TX,Harris,542700,3953,1.82,14,0.17,85.95
957,73945,T48201542800,Texas,TX,Harris,542800,8010,3.49,14,0.17,86.14
958,73946,T48201542901,Texas,TX,Harris,542901,10080,2.21,15,0.17,85.93
959,73947,T48201542902,Texas,TX,Harris,542902,27220,19.17,16,0.17,85.92
960,73948,T48201543004,Texas,TX,Harris,543004,14783,13.41,18,0.17,86.09
961,73949,T48201543005,Texas,TX,Harris,543005,8624,29.96,17,0.17,85.92
962,73950,T48201543006,Texas,TX,Harris,543006,16766,4.72,18,0.17,85.89
963,73951,T48201543007,Texas,TX,Harris,543007,20530,8.81,17,0.17,86.37
964,73952,T48201543008,Texas,TX,Harris,543008,6225,0.92,16,0.17,86.04
965,73953,T48201543009,Texas,TX,Harris,543009,4224,0.41,17,0.17,86.47
966,73954,T48201543010,Texas,TX,Harris,543010,4992,0.53,15,0.17,86.68
967,73955,T48201543011,Texas,TX,Harris,543011,5175,0.52,18,0.17,86.02
968,73956,T48201543100,Texas,TX,Harris,543100,2979,50.64,17,0.17,86.16
969,73957,T48201543201,Texas,TX,Harris,543201,5709,1.87,16,0.17,85.88
970,73958,T48201543202,Texas,TX,Harris,543202,3585,13.83,18,0.17,86.27
971,73959,T48201550101,Texas,TX,Harris,550101,2926,0.33,16,0.18,87.87
972,73960,T48201550102,Texas,TX,Harris,550102,2592,1.04,16,0.18,87.37
973,73961,T48201550201,Texas,TX,Harris,550201,1775,0.31,16,0.18,87.8
974,73962,T48201550202,Texas,TX,Harris,550202,2161,0.67,17,0.18,87.38
975,73963,T48201550303,Texas,TX,Harris,550303,4077,0.57,17,0.18,87.12
976,73964,T48201550304,Texas,TX,Harris,550304,2192,0.65,17,0.18,87.28
977,73965,T48201550305,Texas,TX,Harris,550305,3512,0.93,16,0.18,87.93
978,73966,T48201550306,Texas,TX,Harris,550306,4780,0.84,16,0.18,87.8
979,73967,T48201550307,Texas,TX,Harris,550307,2429,1.07,16,0.18,87.04
980,73968,T48201550308,Texas,TX,Harris,550308,3511,0.55,16,0.18,87.41
981,73969,T48201550403,Texas,TX,Harris,550403,3869,0.64,17,0.18,88.02
982,73970,T48201550404,Texas,TX,Harris,550404,6266,1.18,17,0.18,87.7
983,73971,T48201550405,Texas,TX,Harris,550405,6564,1.49,17,0.18,87.6
984,73972,T48201550406,Texas,TX,Harris,550406,3689,1.26,17,0.18,87.65
985,73973,T48201550407,Texas,TX,Harris,550407,4945,1.17,17,0.18,87.17
986,73974,T48201550500,Texas,TX,Harris,550500,6104,1.71,17,0.18,87.14
987,73975,T48201550601,Texas,TX,Harris,550601,6673,0.79,17,0.18,87.17
988,73976,T48201550602,Texas,TX,Harris,550602,2986,0.44,16,0.18,87.9
989,73977,T48201550603,Texas,TX,Harris,550603,5708,0.68,17,0.18,87.19
990,73978,T48201550700,Texas,TX,Harris,550700,3864,2.37,18,0.17,86.43
991,73979,T48201550800,Texas,TX,Harris,550800,3523,0.78,18,0.18,87.08
992,73980,T48201550901,Texas,TX,Harris,550901,5215,0.65,17,0.18,87.14
993,73981,T48201550902,Texas,TX,Harris,550902,4211,0.59,17,0.18,87.13
994,73982,T48201551000,Texas,TX,Harris,551000,3275,0.43,17,0.18,87.01
995,73983,T48201551101,Texas,TX,Harris,551101,4492,0.71,16,0.18,86.93
996,73984,T48201551102,Texas,TX,Harris,551102,6590,1.09,16,0.18,87.78
997,73985,T48201551201,Texas,TX,Harris,551201,4538,0.78,17,0.17,85.96
998,73986,T48201551202,Texas,TX,Harris,551202,3082,0.61,17,0.17,86.09
999,73987,T48201551300,Texas,TX,Harris,551300,3957,0.77,17,0.17,86.17
1000,73988,T48201551400,Texas,TX,Harris,551400,5163,3.1,17,0.17,86.24
1001,73989,T48201551501,Texas,TX,Harris,551501,4080,1.51,17,0.17,86.02
1002,73990,T48201551502,Texas,TX,Harris,551502,4573,2.38,17,0.17,85.98
1003,73991,T48201551601,Texas,TX,Harris,551601,3094,0.54,15,0.17,86.51
1004,73992,T48201551602,Texas,TX,Harris,551602,5225,0.66,15,0.17,85.99
1005,73993,T48201551702,Texas,TX,Harris,551702,3724,0.81,15,0.17,85.9
1006,73994,T48201551703,Texas,TX,Harris,551703,7829,1.21,14,0.17,86.12
1007,73995,T48201551704,Texas,TX,Harris,551704,3870,0.83,15,0.17,86.26
1008,73996,T48201551705,Texas,TX,Harris,551705,5562,0.93,14,0.17,86.63
1009,73997,T48201551800,Texas,TX,Harris,551800,4285,2.48,15,0.17,86.16
1010,73998,T48201551901,Texas,TX,Harris,551901,2065,0.15,15,0.17,86.41
1011,73999,T48201551902,Texas,TX,Harris,551902,4033,0.55,15,0.17,86.51
1012,74000,T48201552002,Texas,TX,Harris,552002,1591,0.65,15,0.17,86.29
1013,74001,T48201552003,Texas,TX,Harris,552003,4374,1.04,16,0.17,86.34
1014,74002,T48201552004,Texas,TX,Harris,552004,4260,0.68,15,0.17,86.41
1015,74003,T48201552101,Texas,TX,Harris,552101,4285,0.92,16,0.17,85.97
1016,74004,T48201552102,Texas,TX,Harris,552102,5999,1.24,15,0.17,86.38
1017,74005,T48201552103,Texas,TX,Harris,552103,3260,0.61,15,0.17,86.05
1018,74006,T48201552200,Texas,TX,Harris,552200,8098,3.91,18,0.17,86
1019,74007,T48201552301,Texas,TX,Harris,552301,4360,1.68,15,0.17,86.09
1020,74008,T48201552303,Texas,TX,Harris,552303,2740,0.45,15,0.17,86.17
1021,74009,T48201552304,Texas,TX,Harris,552304,1911,0.96,15,0.17,86.29
1022,74010,T48201552401,Texas,TX,Harris,552401,4314,1,15,0.17,86.42
1023,74011,T48201552402,Texas,TX,Harris,552402,2562,1.38,15,0.17,86.32
1024,74012,T48201552501,Texas,TX,Harris,552501,3904,1.04,15,0.17,86.06
1025,74013,T48201552502,Texas,TX,Harris,552502,6907,1.1,15,0.17,86.54
1026,74014,T48201552602,Texas,TX,Harris,552602,7849,2.05,15,0.17,86.5
1027,74015,T48201552603,Texas,TX,Harris,552603,3633,0.56,15,0.17,86.3
1028,74016,T48201552604,Texas,TX,Harris,552604,2361,0.58,15,0.17,86.37
1029,74017,T48201552701,Texas,TX,Harris,552701,3506,0.82,16,0.17,86.21
1030,74018,T48201552702,Texas,TX,Harris,552702,5031,1.13,16,0.17,85.91
1031,74019,T48201552801,Texas,TX,Harris,552801,5049,1.41,17,0.17,85.84
1032,74020,T48201552802,Texas,TX,Harris,552802,4343,1.13,17,0.17,85.88
1033,74021,T48201552901,Texas,TX,Harris,552901,5041,0.76,16,0.17,86.03
1034,74022,T48201552902,Texas,TX,Harris,552902,4038,1.14,17,0.17,85.98
1035,74023,T48201553001,Texas,TX,Harris,553001,6399,1.85,15,0.17,86.69
1036,74024,T48201553002,Texas,TX,Harris,553002,4566,1.81,15,0.18,86.9
1037,74025,T48201553101,Texas,TX,Harris,553101,3479,0.74,16,0.18,87.37
1038,74026,T48201553102,Texas,TX,Harris,553102,3667,0.59,16,0.18,87.32
1039,74027,T48201553201,Texas,TX,Harris,553201,2873,0.9,16,0.18,87.4
1040,74028,T48201553202,Texas,TX,Harris,553202,4460,0.77,17,0.18,87.63
1041,74029,T48201553300,Texas,TX,Harris,553300,5394,0.54,17,0.18,87.76
1042,74030,T48201553401,Texas,TX,Harris,553401,4556,1.49,17,0.18,87.18
1043,74031,T48201553403,Texas,TX,Harris,553403,8289,2.6,17,0.18,86.97
1044,74032,T48201553404,Texas,TX,Harris,553404,3188,0.79,16,0.18,87.68
1045,74033,T48201553405,Texas,TX,Harris,553405,5610,1.3,17,0.18,87.04
1046,74034,T48201553500,Texas,TX,Harris,553500,7453,1.39,15,0.18,87.49
1047,74035,T48201553601,Texas,TX,Harris,553601,4673,1.15,15,0.17,86.48
1048,74036,T48201553602,Texas,TX,Harris,553602,2594,0.74,15,0.18,86.94
1049,74037,T48201553700,Texas,TX,Harris,553700,4384,1.23,15,0.17,86.04
1050,74038,T48201553801,Texas,TX,Harris,553801,2950,1.44,15,0.17,86.34
1051,74039,T48201553803,Texas,TX,Harris,553803,4621,1.05,15,0.17,86.05
1052,74040,T48201553804,Texas,TX,Harris,553804,6314,1.07,16,0.17,86.45
1053,74041,T48201553901,Texas,TX,Harris,553901,5709,1.51,16,0.17,85.88
1054,74042,T48201554001,Texas,TX,Harris,554001,3555,1.32,16,0.17,86.04
1055,74043,T48201554002,Texas,TX,Harris,554002,4356,1.69,16,0.17,85.97
1056,74044,T48201554103,Texas,TX,Harris,554103,5886,1.05,15,0.17,86.45
1057,74045,T48201554104,Texas,TX,Harris,554104,3576,0.71,15,0.17,86.13
1058,74046,T48201554201,Texas,TX,Harris,554201,5409,1.11,15,0.17,86.06
1059,74047,T48201554202,Texas,TX,Harris,554202,3662,1.67,15,0.17,85.94
1060,74048,T48201554301,Texas,TX,Harris,554301,7275,2.17,15,0.17,86.28
1061,74049,T48201554302,Texas,TX,Harris,554302,4768,2.31,15,0.17,85.87
1062,74050,T48201554404,Texas,TX,Harris,554404,5037,2.36,15,0.17,86.35
1063,74051,T48201554405,Texas,TX,Harris,554405,8176,1.56,16,0.17,86.48
1064,74052,T48201554406,Texas,TX,Harris,554406,5801,2.65,16,0.17,85.99
1065,74053,T48201554407,Texas,TX,Harris,554407,6693,2.56,16,0.17,86.08
1066,74054,T48201554408,Texas,TX,Harris,554408,9004,3.04,15,0.17,85.93
1067,74055,T48201554409,Texas,TX,Harris,554409,6559,2.11,16,0.17,86.06
1068,74056,T48201554410,Texas,TX,Harris,554410,3600,1.42,16,0.17,86.25
1069,74057,T48201554501,Texas,TX,Harris,554501,7183,4.83,15,0.17,85.96
1070,74058,T48201554502,Texas,TX,Harris,554502,6266,1.81,15,0.17,85.93
1071,74059,T48201554600,Texas,TX,Harris,554600,4649,1.43,15,0.17,85.97
1072,74060,T48201554701,Texas,TX,Harris,554701,2900,0.58,14,0.17,86.02
1073,74061,T48201554702,Texas,TX,Harris,554702,4857,1.21,14,0.17,86.36
1074,74062,T48201554803,Texas,TX,Harris,554803,6935,6.19,15,0.17,86.4
1075,74063,T48201554804,Texas,TX,Harris,554804,4903,3.34,15,0.17,85.98
1076,74064,T48201554805,Texas,TX,Harris,554805,8302,1.54,15,0.17,86.42
1077,74065,T48201554806,Texas,TX,Harris,554806,2208,1.75,15,0.17,86.34
1078,74066,T48201554807,Texas,TX,Harris,554807,7270,2.24,15,0.17,86.36
1079,74067,T48201554808,Texas,TX,Harris,554808,2940,0.81,15,0.17,86.35
1080,74068,T48201554809,Texas,TX,Harris,554809,10405,2.95,15,0.17,85.96
1081,74069,T48201554902,Texas,TX,Harris,554902,10035,4.98,15,0.17,86.36
1082,74070,T48201554904,Texas,TX,Harris,554904,3818,0.71,15,0.17,86.33
1083,74071,T48201554905,Texas,TX,Harris,554905,6847,3.9,15,0.17,85.88
1084,74072,T48201554906,Texas,TX,Harris,554906,4021,0.77,15,0.17,86.42
1085,74073,T48201554907,Texas,TX,Harris,554907,4507,1.24,15,0.17,86.31
1086,74074,T48201554908,Texas,TX,Harris,554908,7508,2.18,15,0.17,86.43
1087,74075,T48201555001,Texas,TX,Harris,555001,2442,0.76,17,0.18,87.25
1088,74076,T48201555002,Texas,TX,Harris,555002,5234,1.4,15,0.18,86.88
1089,74077,T48201555101,Texas,TX,Harris,555101,5029,1.36,15,0.18,86.95
1090,74078,T48201555102,Texas,TX,Harris,555102,5860,1.59,17,0.18,87.03
1091,74079,T48201555200,Texas,TX,Harris,555200,10459,7.32,17,0.18,86.87
1092,74080,T48201555301,Texas,TX,Harris,555301,4749,2.77,15,0.16,85.9
1093,74081,T48201555303,Texas,TX,Harris,555303,13791,8.3,16,0.15,85.04
1094,74082,T48201555304,Texas,TX,Harris,555304,8657,2.6,15,0.16,85.28
1095,74083,T48201555305,Texas,TX,Harris,555305,12469,4.75,15,0.13,84.4
1096,74084,T48201555401,Texas,TX,Harris,555401,3032,5.27,15,0.17,85.81
1097,74085,T48201555403,Texas,TX,Harris,555403,4424,2.69,14,0.17,86.34
1098,74086,T48201555404,Texas,TX,Harris,555404,4101,2.87,15,0.17,86.19
1099,74087,T48201555501,Texas,TX,Harris,555501,5494,16.69,16,0.17,86
1100,74088,T48201555503,Texas,TX,Harris,555503,15081,9.19,16,0.17,86.3
1101,74089,T48201555504,Texas,TX,Harris,555504,7443,1.21,14,0.17,85.95
1102,74090,T48201555505,Texas,TX,Harris,555505,11289,2.94,15,0.17,86.41
1103,74091,T48201555600,Texas,TX,Harris,555600,6732,21.42,16,0.17,86.37
1104,74092,T48201555701,Texas,TX,Harris,555701,10967,4.21,16,0.17,86.39
1105,74093,T48201555703,Texas,TX,Harris,555703,6793,1.5,16,0.17,86.26
1106,74094,T48201555704,Texas,TX,Harris,555704,7868,3.09,17,0.17,85.89
1107,74095,T48201556000,Texas,TX,Harris,556000,12451,52.61,18,0.17,85.86
1108,74096,T48201556100,Texas,TX,Harris,556100,3767,0.83,16,0.17,86.08
1109,74097,T48201980000,Texas,TX,Harris,980000,20,2.17,20,0.21,88.19
1110,74098,T48201980100,Texas,TX,Harris,980100,0,11.89,21,0.18,86.78
1111,74099,T48201980200,Texas,TX,Harris,980200,8296,0.27,20,0.18,88.47
1112,74100,T48201980300,Texas,TX,Harris,980300,2849,0.47,20,0.18,87.57
1113,74101,T48201980400,Texas,TX,Harris,980400,3751,0.52,19,0.18,87.16
1114,74102,T48201980700,Texas,TX,Harris,980700,2299,0.51,20,0.18,87.35
