OBJECTID_1,OUTFALL,ACREAGE,Y2STATUS,GROUP_,Y2CATEGORY,C_DISTRICT,WSHED,Shape_Length,Shape_Area
5,G0014,73.300536550000004,Inadequate,1,1,E,SAN JACINTO RIVER,,
13,G0023,44.103521129999997,Inadequate,4,3,E,SAN JACINTO RIVER,,
30,C0603,69.052239560000004,Inadequate,4,3,D,SIMS BAYOU,,
92,A0021,43.916968910000001,Inadequate,3,1,E,CLEAR CREEK,,
93,A0112,25.313399889999999,Inadequate,4,3,E,CLEAR CREEK,,
96,D1406,101.110534229999999,Inadequate,3,1,G,BRAYS BAYOU,-13822893605718323552876043934614474870174025491633770617674661888.000000000000000,
103,D1422,91.847306380000006,Inadequate,3,1,F,BRAYS BAYOU,,
105,C0625,62.761588349999997,Inadequate,4,3,D,SIMS BAYOU,,
123,A0048,44.630852019999999,Inadequate,4,3,D,CLEAR CREEK,,
138,C0820,25.533813410000000,Inadequate,3,1,I,SIMS BAYOU,,
139,C0043,382.947794960000010,Inadequate,1,1,I,SIMS BAYOU,,
140,C0020,22.767924940000000,Inadequate,2,1,I,SIMS BAYOU,,
143,A0042,33.063018700000001,Inadequate,3,1,E,CLEAR CREEK,-1595695920731125052909942048925759576559022982536185356948459237738979459504469058893856453825229692392918712717771304089530328745601071579136.000000000000000,
144,A0041,19.230372520000000,Inadequate,1,1,E,CLEAR CREEK,1089999246822531641690779889843055791811321808922865599936612735170901835112090785310033575936.000000000000000,
145,A0040,14.101239670000000,Inadequate,4,3,E,CLEAR CREEK,0.000000000000000,
150,A0045,13.600205890000000,Inadequate,1,1,E,CLEAR CREEK,-0.000000000000000,
153,A0055,7.660123620000000,Inadequate,1,1,E,CLEAR CREEK,-8250334739985742099430927897297777411762830754877318572922345855148047943983054802286899617105333665732711410656846040836299681474193913655598543700652903815112281782325608448.000000000000000,
154,A0068,17.700894089999998,Inadequate,3,1,E,CLEAR CREEK,,
155,A0067,24.509294940000000,Inadequate,3,1,E,CLEAR CREEK,-1927285467598828393904873922093994915091392181492264640831119442277071003246808573533796267399001249470545265384683040092991398362370264256832974958834698673140531200.000000000000000,
160,A0062,23.130164669999999,Inadequate,1,1,E,CLEAR CREEK,-617812804768949600256.000000000000000,
161,A0071,43.207641770000002,Inadequate,4,3,E,CLEAR CREEK,-2822165643612963331615041642502322601002970869776536756845874092267212272527704472175772471436451469457166907505932441016322018250138462702794509990307118404671807336544864231914168689819102555446536358101979758592.000000000000000,
164,A0059,71.335228389999997,Inadequate,1,1,E,CLEAR CREEK,,
165,A0058,38.744834920000002,Inadequate,3,1,E,CLEAR CREEK,12137656110337448661631776682560133193794173839602177904044647108374805810953998598962569172488766216920861377975809772092061942879805939777014657410651191535603671325853920264148719611615514382211049209484491048001436909568.000000000000000,
168,A0034,103.657026310000006,Inadequate,1,1,E,CLEAR CREEK,71907565757053093125233781120315052784541837215400479093823475547765149203528713473636721296932864.000000000000000,
169,A0063,15.810951550000000,Inadequate,1,1,E,CLEAR CREEK,0.000000000000000,
173,A0014,21.978305540000001,Inadequate,1,1,E,CLEAR CREEK,0.000000000000000,
179,P0149,67.648121979999999,Inadequate,4,3,B,GREENS BAYOU,,
180,P0171,14.700575980000000,Inadequate,0,5,B,GREENS BAYOU,,
183,P0104,215.277522699999992,Inadequate,4,3,B,GREENS BAYOU,,
188,P0148,49.258088610000001,Inadequate,4,3,B,GREENS BAYOU,,
196,P0147,49.277069789999999,Inadequate,4,3,B,GREENS BAYOU,,
198,E0231,67.983407819999996,Inadequate,4,3,H,WHITE OAK BAYOU,,
208,W0336,8.887231870000001,Inadequate,4,3,A,BUFFALO BAYOU,,
209,W0335,5.825211470000000,Inadequate,4,3,A,BUFFALO BAYOU,,
211,W0333,7.821475760000000,Inadequate,4,3,A,BUFFALO BAYOU,,
212,W0332,6.811092190000000,Inadequate,4,3,A,BUFFALO BAYOU,,
214,W0330,7.747983440000000,Inadequate,4,3,A,BUFFALO BAYOU,,
240,E0380,320.865808920000006,Inadequate,1,1,H,WHITE OAK BAYOU,,
244,P0082,89.935240710000002,Inadequate,3,1,B,GREENS BAYOU,,
248,W0287,9.662538169999999,Inadequate,4,3,G,BUFFALO BAYOU,,
250,W0247,4.108344900000000,Inadequate,4,3,G,BUFFALO BAYOU,,
253,W0172,35.514696669999999,Inadequate,4,3,A,BUFFALO BAYOU,,
254,W0174,88.490105409999998,Inadequate,2,1,G,BUFFALO BAYOU,,
258,D5038,4.914381260000000,Inadequate,3,1,G,BRAYS BAYOU,,
260,H0103,262.207993199999976,Inadequate,4,3,B,HUNTING BAYOU,0.000000000000000,
261,E0234,71.462729740000000,Inadequate,4,3,H,WHITE OAK BAYOU,,
270,W0133,89.241044160000001,Inadequate,4,3,G,BUFFALO BAYOU,,
272,D0925,16.589446290000001,Inadequate,3,1,G,BRAYS BAYOU,,
275,E0068,47.675499440000003,Inadequate,3,1,A,WHITE OAK BAYOU,-18585092.046355120837688,
304,C0259,31.430039520000001,Inadequate,1,1,E,SIMS BAYOU,,
305,D0249,29.111238600000000,Inadequate,3,1,C,BRAYS BAYOU,,
307,D0387,63.144998260000001,Inadequate,1,1,C,BRAYS BAYOU,,
308,C0276,4.467283890000000,Inadequate,3,1,E,SIMS BAYOU,,
312,D0415,12.241266430000000,Inadequate,1,1,C,BRAYS BAYOU,,
313,D0932,27.663480920000001,Inadequate,4,3,C,BRAYS BAYOU,,
319,E0532,23.154223280000000,Inadequate,4,3,A,WHITE OAK BAYOU,,
320,E0416,9.536132810000000,Inadequate,4,3,H,WHITE OAK BAYOU,,
321,E0539,184.969697989999986,Inadequate,1,1,A,WHITE OAK BAYOU,,
324,E0409,29.745177779999999,Inadequate,3,1,A,WHITE OAK BAYOU,,
326,E0190,57.621072970000000,Inadequate,1,1,A,WHITE OAK BAYOU,,
334,E0370,23.191687349999999,Inadequate,1,1,H,WHITE OAK BAYOU,,
337,C0213,84.091943779999994,Inadequate,3,1,I,SIMS BAYOU,,
344,D0149,30.360878000000000,Inadequate,3,1,C,BRAYS BAYOU,,
347,E0189,43.484334029999999,Inadequate,3,1,A,WHITE OAK BAYOU,,
350,P0037,12.737104950000001,Inadequate,3,1,B,GREENS BAYOU,,
361,E0782,18.039495720000001,Inadequate,3,1,A,WHITE OAK BAYOU,,
371,E0811,14.297300710000000,Inadequate,3,1,A,BUFFALO BAYOU,,
374,E0717,16.495151419999999,Inadequate,3,1,A,WHITE OAK BAYOU,,
376,E0718,13.657078630000001,Inadequate,4,3,A,WHITE OAK BAYOU,,
378,H0112,23.790187270000001,Inadequate,2,A,B,HUNTING BAYOU,,
395,W0477,68.080282639999993,Inadequate,4,3,H,BUFFALO BAYOU,,
398,E0716,343.474925380000002,Inadequate,2,1,H,WHITE OAK BAYOU,,
411,B0011,76.482438770000002,Inadequate,4,3,E,ARMAND BAYOU,0.000000000000000,
417,B0012,62.117770319999998,Inadequate,3,1,E,ARMAND BAYOU,-59338141677224176188908757625281031857247461169806785217577668076831244288.000000000000000,
432,A0033,54.963841459999998,Inadequate,3,1,E,CLEAR CREEK,0.000000000000000,
438,A0018,8.486570800000001,Inadequate,3,1,E,CLEAR CREEK,-0.000000000000000,
441,A0024,17.515501170000000,Inadequate,3,1,E,CLEAR CREEK,-0.000000000000000,
442,A0023,18.481404030000000,Inadequate,1,1,E,CLEAR CREEK,0.000000000000000,
444,A0008,48.951449279999999,Inadequate,1,1,E,CLEAR CREEK,-16677615157800560176663177990281905299723672304020407787584612084931776529567339524390912.000000000000000,
445,A0096,73.961775549999999,Inadequate,1,1,E,CLEAR CREEK,-0.000000000000000,
450,A0116,26.854336430000000,Inadequate,3,1,E,CLEAR CREEK,13764127426911068194369886918055393129808964996063878426300252160.000000000000000,
452,A0124,19.121900719999999,Inadequate,4,3,E,CLEAR CREEK,-0.000000000000000,
453,A0123,26.363634780000002,Inadequate,3,1,E,CLEAR CREEK,-62902889456899195967637649142957160377476722374133534176642933483119098369245743932654705487828248384552901800661899999637237509788893048140323879558341291007323264569837692004868232988168579417628820433589613104843722766251343347950721918112984243193774080.000000000000000,
456,A0120,6.647728480000000,Inadequate,3,A,E,CLEAR CREEK,-86104415896824942111949605243915320049294209042672934175574849522863480429985233139054644627122594267866742170055295893504.000000000000000,
467,A0073,44.421485980000000,Inadequate,3,1,E,CLEAR CREEK,-0.000000000000000,
470,A0090,12.427682920000001,Inadequate,1,1,E,CLEAR CREEK,0.000000000000000,
478,A0093,9.715909540000000,Inadequate,3,1,E,CLEAR CREEK,-21318770930656681518699322491458892197981086860990692404371435701659544938515055866858830029765419414275989908106603759959273935334903231889960833998659307640667174795636547987625364844766465658273267535010437935138810170753558900652643594561408451997822441615445059927149775006542564576471285760.000000000000000,
482,A0079,10.134297800000001,Inadequate,3,A,E,CLEAR CREEK,42875261968075434771436925382159884633873817078165538196413657826003507666245626118885235482521791086917973100796714321913995200764502440291976680761032267546378255394287590535572231417554178122073468479471616.000000000000000,
484,A0077,11.291324520000000,Inadequate,3,1,E,CLEAR CREEK,0.000000000000000,
486,A0076,5.655991870000000,Inadequate,0, ,E,CLEAR CREEK,-17609065367218426810160624421718705316306190840421808915020098567550950427436836650340847999243615648330573552044758316572227028836843098968274741097886588901552518887720768049236849227846816558440823249074252982057776493010124501437722554034462155424859340317853749346304.000000000000000,
490,A0083,35.392558780000002,Inadequate,1,1,E,CLEAR CREEK,1159988981504112376883381825599622742840064489975717684825539628979744430084851823828410671283822845786900957286639248037410935632081656671433400183105894221150056900598282129550493161321962254759911928355218077486612682237744320092434060583532566429509786093264864153186598912.000000000000000,
491,A0114,31.033057270000000,Inadequate,1,1,E,CLEAR CREEK,-0.000000000000000,
499,A0098,56.377957539999997,Inadequate,3,1,E,CLEAR CREEK,,
504,A0100,110.433884640000002,Inadequate,3,1,E,CLEAR CREEK,-0.000000000000000,
505,A0097,50.387394010000001,Inadequate,3,1,E,CLEAR CREEK,0.000000000000000,
518,P0119,81.539859759999999,Inadequate,4,3,B,GREENS BAYOU,,
520,P0116,61.889475040000001,Inadequate,4,3,B,GREENS BAYOU,,
522,P0206,182.020436539999992,Inadequate,4,3,B,GREENS BAYOU,,
524,P0225,202.676416799999998,Inadequate,4,3,A,GREENS BAYOU,,
532,P0227,141.809202440000007,Inadequate,4,3,A,GREENS BAYOU,,
533,P0224,100.451758240000004,Inadequate,4,3,A,GREENS BAYOU,,
541,P0223,39.519801960000002,Inadequate,0,5,A,GREENS BAYOU,,
545,P0228,74.477564079999993,Inadequate,4,3,A,GREENS BAYOU,,
553,P0162,50.716280419999997,Inadequate,4,3,B,GREENS BAYOU,-10570656009878269820728997494936849521812815420063744.000000000000000,
555,P0222,79.733960940000003,Inadequate,4,3,A,GREENS BAYOU,,
562,P0218,17.563689700000001,Inadequate,4,3,A,GREENS BAYOU,,
568,P0231,18.138002010000001,Inadequate,4,3,B,GREENS BAYOU,,
569,P0153,45.569016519999998,Inadequate,4,3,B,GREENS BAYOU,163857870705140113447403698066209880389786248848598041996297327305101489685800967229307720293359084139823204783223304949549289614930591640718769207127724496367586139192764137472.000000000000000,
570,P0158,71.295120510000004,Inadequate,4,3,B,GREENS BAYOU,,
572,P0167,125.435405810000006,Inadequate,4,3,B,GREENS BAYOU,,
574,P0215,47.251200930000003,Inadequate,4,3,A,GREENS BAYOU,,
576,P0201,134.755964010000014,Inadequate,4,3,B,GREENS BAYOU,,
579,P0164,33.292176280000000,Inadequate,4,3,B,GREENS BAYOU,,
580,P0152,101.586327890000007,Inadequate,4,3,B,GREENS BAYOU,,
589,P0161,21.132313920000001,Inadequate,4,3,B,GREENS BAYOU,,
590,P0156,15.471518050000000,Inadequate,4,3,B,GREENS BAYOU,,
591,P0165,58.673260440000000,Inadequate,4,3,B,GREENS BAYOU,,
593,P0204,82.917830960000003,Inadequate,4,3,B,GREENS BAYOU,,
606,W0492,85.356175080000000,Inadequate,2,1,I,BUFFALO BAYOU,,
608,W0580,26.112769830000001,Inadequate,3,1,G,BUFFALO BAYOU,,
612,W0212,29.530659600000000,Inadequate,4,3,G,BUFFALO BAYOU,,
614,W0154,12.733269999999999,Inadequate,4,3,A,BUFFALO BAYOU,,
617,W0464,51.734791029999997,Inadequate,4,3,H,BUFFALO BAYOU,,
618,W0573,520.022565460000010,Inadequate,1,1,G,BUFFALO BAYOU,-0.000000000000000,
619,W0516,15.395521040000000,Inadequate,4,3,A,BUFFALO BAYOU,,
628,D0142,9.427823320000000,Inadequate,3,1,C,BRAYS BAYOU,,
629,C0140,159.656686400000012,Inadequate,1,1,I,SIMS BAYOU,,
633,D0113,141.762001169999991,Inadequate,1,1,C,BRAYS BAYOU,,
634,E0338,260.361949620000019,Inadequate,2,1,H,WHITE OAK BAYOU,,
637,E0248,3.158558080000000,Inadequate,4,3,A,WHITE OAK BAYOU,,
643,W0266,21.425536720000000,Inadequate,4,3,G,BUFFALO BAYOU,,
644,W0352,48.429825330000000,Inadequate,4,3,A,BUFFALO BAYOU,,
646,W0428,16.727993399999999,Inadequate,4,3,G,BUFFALO BAYOU,,
649,D0864,11.404325399999999,Inadequate,1,1,C,BRAYS BAYOU,,
650,C0019,140.108357860000012,Inadequate,4,3,I,SIMS BAYOU,,
673,C0404,41.275574630000001,Inadequate,4,3,D,SIMS BAYOU,,
674,C0268,60.128381200000000,Inadequate,0, ,E,SIMS BAYOU,,
688,D0467,34.213353820000002,Inadequate,4,3,C,BRAYS BAYOU,,
689,C0485,18.954200770000000,Inadequate,3,1,D,SIMS BAYOU,,
691,D0243,15.465910670000000,Inadequate,3,1,C,BRAYS BAYOU,,
693,C0424,7.456092860000000,Inadequate,1,1,D,SIMS BAYOU,,
694,C0426,51.216973449999998,Inadequate,3,1,D,SIMS BAYOU,,
698,C0655,49.326770779999997,Inadequate,1,1,D,SIMS BAYOU,,
699,C0663,4.971297970000000,Inadequate,4,3,D,SIMS BAYOU,,
704,C0096,26.358334970000001,Inadequate,1,1,D,SIMS BAYOU,,
705,C0092,8.403283439999999,Inadequate,3,1,D,SIMS BAYOU,,
708,P0144,25.930945030000000,Inadequate,0,5,B,GREENS BAYOU,,
711,P0146,88.760060650000000,Inadequate,4,3,B,GREENS BAYOU,,
712,P0142,136.218805099999997,Inadequate,4,3,B,GREENS BAYOU,,
713,P0103,227.209698510000010,Inadequate,1,1,B,GREENS BAYOU,,
714,P0143,11.808619640000000,Inadequate,4,3,B,GREENS BAYOU,,
715,P0139,52.134796240000000,Inadequate,4,3,B,GREENS BAYOU,,
720,P0136,136.683012939999998,Inadequate,4,3,B,GREENS BAYOU,,
721,P0137,44.249758450000002,Inadequate,4,3,B,GREENS BAYOU,,
723,P0089,62.576125750000003,Inadequate,4,3,B,GREENS BAYOU,,
739,P0087,18.772855419999999,Inadequate,4,3,B,GREENS BAYOU,,
740,P0127,20.685633070000002,Inadequate,4,3,B,GREENS BAYOU,,
743,P0130,7.685961910000000,Inadequate,4,3,B,GREENS BAYOU,,
751,D0592,24.741710049999998,Inadequate,3,1,F,BRAYS BAYOU,1077748.885824929689988,
752,D0122,30.469189100000001,Inadequate,3,1,C,BRAYS BAYOU,,
757,D0734,43.116162410000001,Inadequate,3,1,F,BRAYS BAYOU,,
758,D0365,37.328165429999999,Inadequate,3,1,C,BRAYS BAYOU,,
759,C0011,27.660547560000001,Inadequate,3,1,I,SIMS BAYOU,,
761,C0183,10.389807859999999,Inadequate,4,3,E,SIMS BAYOU,,
762,D0583,36.663563050000000,Inadequate,3,1,F,BRAYS BAYOU,,
764,C0047,38.874628240000000,Inadequate,3,1,I,SIMS BAYOU,,
766,D0631,22.293563070000001,Inadequate,1,1,C,BRAYS BAYOU,,
769,D0493,36.454178140000003,Inadequate,3,1,C,BRAYS BAYOU,,
779,W0274,26.216221200000000,Inadequate,4,3,G,BUFFALO BAYOU,,
786,W0273,25.937136620000000,Inadequate,4,3,G,BUFFALO BAYOU,,
791,C0427,14.806057550000000,Inadequate,4,3,D,SIMS BAYOU,,
796,C0475,170.941421880000007,Inadequate,1,1,D,SIMS BAYOU,,
797,C0648,29.098232419999999,Inadequate,3,1,D,SIMS BAYOU,,
800,C0086,57.755196290000001,Inadequate,4,3,D,SIMS BAYOU,,
804,C0649,45.531025970000002,Inadequate,1,1,D,SIMS BAYOU,,
813,W0578,90.940976370000001,Inadequate,2,1,G,BUFFALO BAYOU,,
814,D0595,50.337744350000001,Inadequate,3,1,F,BRAYS BAYOU,,
815,D0735,70.196784140000005,Inadequate,1,1,F,BRAYS BAYOU,,
820,D0899,98.164680919999995,Inadequate,1,1,F,BRAYS BAYOU,,
826,D0427,25.991495950000001,Inadequate,4,3,F,BRAYS BAYOU,,
836,D0833,45.268282139999997,Inadequate,3,1,D,BRAYS BAYOU,,
838,D0114,67.931979749999996,Inadequate,4,3,C,BRAYS BAYOU,,
839,D0706,15.680748780000000,Inadequate,3,1,F,BRAYS BAYOU,,
842,D0577,20.270202760000000,Inadequate,3,1,F,BRAYS BAYOU,,
848,E0520,95.457098070000001,Inadequate,1,1,A,WHITE OAK BAYOU,,
854,H0019,107.367834079999994,Inadequate,4,3,I,HUNTING BAYOU,,
855,H0023,57.946114799999997,Inadequate,1,1,I,HUNTING BAYOU,,
856,W0480,433.941099479999991,Inadequate,4,3,I,BUFFALO BAYOU,,
874,D0823,59.490507950000001,Inadequate,1,1,G,BRAYS BAYOU,,
881,C0034,334.126356509999994,Inadequate,1,1,I,SIMS BAYOU,,
883,C0040,135.983227050000011,Inadequate,1,1,I,SIMS BAYOU,,
885,D0290,26.422531150000001,Inadequate,1,1,C,BRAYS BAYOU,,
887,C0698,23.669457319999999,Inadequate,4,3,D,SIMS BAYOU,,
891,D0347,41.335037110000002,Inadequate,4,3,C,BRAYS BAYOU,,
902,C0579,53.175642449999998,Inadequate,3,1,D,SIMS BAYOU,2316331.111483032349497,
918,C0600,29.919147700000000,Inadequate,4,3,D,SIMS BAYOU,,
923,G0106,116.466278740000007,Inadequate,3,1,E,SAN JACINTO RIVER,,
924,G0107,33.542144340000000,Inadequate,3,1,E,SAN JACINTO RIVER,,
935,D0229,24.738841220000001,Inadequate,1,1,C,BRAYS BAYOU,,
948,P0129,9.532358550000000,Inadequate,4,3,B,GREENS BAYOU,-221942551134491472117696773166741969407163880944434351988867664932635397153629873563959442311570485281457080665249148963944636375826291489757322918690225847359310337494467630051794368340588907369353105409331886502330156112256311725086526668800.000000000000000,
952,E0928,27.355879490000000,Inadequate,4,3,A,WHITE OAK BAYOU,,
956,E0907,331.543815409999979,Inadequate,2,1,B,WHITE OAK BAYOU,,
959,E0210,18.099342149999998,Inadequate,3,1,A,WHITE OAK BAYOU,,
970,E0913,35.859455169999997,Inadequate,3,1,A,WHITE OAK BAYOU,,
974,D0740,31.250091820000002,Inadequate,4,3,F,BRAYS BAYOU,,
976,D0779,34.818489130000003,Inadequate,4,3,F,BRAYS BAYOU,,
979,D9056,38.759909049999997,Inadequate,4,3,F,BRAYS BAYOU,,
981,E0763,131.183661349999994,Inadequate,4,3,A,WHITE OAK BAYOU,,
983,E0731,98.700120859999998,Inadequate,4,3,A,WHITE OAK BAYOU,,
988,W0391,240.713567259999991,Inadequate,4,3,A,BUFFALO BAYOU,,
990,E0509,117.035296910000000,Inadequate,3,1,A,WHITE OAK BAYOU,,
991,E0511,41.656726069999998,Inadequate,3,1,A,WHITE OAK BAYOU,,
994,C0088,21.058170059999998,Inadequate,1,1,D,SIMS BAYOU,,
995,C0090,17.152624700000001,Inadequate,3,1,D,SIMS BAYOU,,
997,C0659,6.213314050000000,Inadequate,1,1,D,SIMS BAYOU,-5132521826358887236021041683920247708339575602052089209479967837319934333749319428551335165997890972108935131176904413473690437264398854496571290253089673114420987217806555622879437843712042940961057113761475678477081764691968.000000000000000,
1000,C0067,23.405082080000000,Inadequate,1,1,D,SIMS BAYOU,,
1006,C0498,23.670908270000002,Inadequate,3,1,D,SIMS BAYOU,,
1008,C0076,42.830345710000003,Inadequate,1,1,D,SIMS BAYOU,,
1019,E0073,235.371575369999988,Inadequate,4,3,H,WHITE OAK BAYOU,,
1022,W0363,15.151388730000001,Inadequate,4,3,A,BUFFALO BAYOU,,
1024,W0360,80.304085430000001,Inadequate,4,3,A,BUFFALO BAYOU,,
1025,W0325,129.090704479999999,Inadequate,4,3,A,BUFFALO BAYOU,,
1028,E0034,313.689595010000005,Inadequate,2,1,H,WHITE OAK BAYOU,,
1029,H0046,121.644195289999999,Inadequate,4,3,I,HUNTING BAYOU,,
1030,E0313,82.000457600000004,Inadequate,3,1,H,WHITE OAK BAYOU,,
1035,D0601,23.621412440000000,Inadequate,3,1,F,BRAYS BAYOU,,
1036,D1353,40.512240040000002,Inadequate,1,1,C,BRAYS BAYOU,,
1038,C0003,60.042398720000001,Inadequate,3,1,I,SIMS BAYOU,,
1055,D0423,35.589334659999999,Inadequate,1,1,C,BRAYS BAYOU,,
1067,E0918,29.979944669999998,Inadequate,2,1,A,WHITE OAK BAYOU,,
1077,W0469,252.663211520000004,Inadequate,4,3,H,BUFFALO BAYOU,,
1084,E0379,555.437460129999977,Inadequate,1,1,H,WHITE OAK BAYOU,,
1088,E0126,28.415320770000001,Inadequate,1,1,A,WHITE OAK BAYOU,,
1089,P0102,54.615478650000000,Inadequate,1,1,B,GREENS BAYOU,,
1098,W0210,169.814611020000001,Inadequate,4,3,G,BUFFALO BAYOU,,
1100,C0378,38.862217070000000,Inadequate,1,1,D,SIMS BAYOU,,
1115,P0163,140.300426960000010,Inadequate,0,5,B,GREENS BAYOU,,
1127,P0151,51.573624510000002,Inadequate,4,3,B,GREENS BAYOU,,
1133,P0174,20.966794100000001,Inadequate,4,3,B,GREENS BAYOU,,
1140,P0150,26.036400629999999,Inadequate,4,3,B,GREENS BAYOU,,
1142,P0159,78.705946249999997,Inadequate,4,3,B,GREENS BAYOU,,
1143,P0205,41.128520219999999,Inadequate,4,3,B,GREENS BAYOU,,
1147,P0131,31.231982290000001,Inadequate,4,3,B,GREENS BAYOU,,
1150,E0221,38.508051060000000,Inadequate,3,1,A,WHITE OAK BAYOU,,
1153,E0200,86.280532269999995,Inadequate,3,1,A,WHITE OAK BAYOU,,
1155,P0126,25.750176570000001,Inadequate,4,3,B,GREENS BAYOU,,
1158,P0132,7.389146180000000,Inadequate,4,3,B,GREENS BAYOU,,
1164,P0125,9.899859100000000,Inadequate,4,3,B,GREENS BAYOU,2863196322601500674502890030330004821385708354796472864339119364250849364248767305351168.000000000000000,
1172,P0091,56.925783719999998,Inadequate,4,3,B,GREENS BAYOU,,
1183,W0530,111.732745089999995,Inadequate,2,1,H,BUFFALO BAYOU,,
1184,W0454,89.083138849999997,Inadequate,4,3,H,BUFFALO BAYOU,,
1185,W0460,83.942939859999996,Inadequate,4,3,H,BUFFALO BAYOU,,
1186,W0485,696.716463389999944,Inadequate,4,3,B,BUFFALO BAYOU,,
1190,W0489,193.173182029999992,Inadequate,4,3,A,BUFFALO BAYOU,,
1191,D0189,135.484674000000012,Inadequate,1,1,C,BRAYS BAYOU,,
1207,E0123,13.728794660000000,Inadequate,2,1,A,WHITE OAK BAYOU,,
1213,E0909,13.004089889999999,Inadequate,4,3,A,WHITE OAK BAYOU,,
1218,W0153,108.273276289999998,Inadequate,2,1,A,BUFFALO BAYOU,,
1225,W0563,21.823459480000000,Inadequate,2,1,G,BUFFALO BAYOU,,
1230,P0055,103.966214359999995,Inadequate,3,1,B,GREENS BAYOU,,
1246,E0512,50.345792969999998,Inadequate,4,3,B,WHITE OAK BAYOU,,
1253,D0519,23.047353449999999,Inadequate,1,1,F,BRAYS BAYOU,,
1263,W0315,31.171383519999999,Inadequate,4,3,A,BUFFALO BAYOU,,
1265,W0310,47.605101810000001,Inadequate,4,3,A,BUFFALO BAYOU,,
1268,W0309,20.802876630000000,Inadequate,4,3,A,BUFFALO BAYOU,,
1269,E0333,29.452184280000001,Inadequate,4,3,H,WHITE OAK BAYOU,,
1272,W0302,110.481727430000007,Inadequate,4,3,A,BUFFALO BAYOU,,
1274,W0375,11.890498760000000,Inadequate,4,3,A,BUFFALO BAYOU,,
1279,W0269,19.649280930000000,Inadequate,4,3,G,BUFFALO BAYOU,,
1280,W0268,32.370092249999999,Inadequate,4,3,G,BUFFALO BAYOU,,
1292,W0706,214.628855590000001,Inadequate,1,1,H,BUFFALO BAYOU,,
1293,W0682,128.264927590000013,Inadequate,1,1,D,BUFFALO BAYOU,,
1301,C0127,207.496338650000013,Inadequate,3,1,I,SIMS BAYOU,,
1302,D0021,165.668651229999995,Inadequate,1,1,I,BRAYS BAYOU,,
1303,C0125,117.933800090000005,Inadequate,1,1,I,SIMS BAYOU,,
1304,D0907,47.702013420000000,Inadequate,3,1,D,BRAYS BAYOU,,
1306,C0332,11.497511830000001,Inadequate,4,3,I,SIMS BAYOU,,
1309,D0087,111.462128980000003,Inadequate,4,3,D,BRAYS BAYOU,,
1320,D0093,75.403409350000004,Inadequate,3,1,D,BRAYS BAYOU,,
1322,D0831,24.005721189999999,Inadequate,1,1,D,BRAYS BAYOU,,
1327,H0066,465.946350479999978,Inadequate,3,1,I,SHIP CHANNEL,,
1329,W0353,198.263832919999999,Inadequate,4,3,A,BUFFALO BAYOU,,
1333,C0574,23.468622320000001,Inadequate,4,3,D,SIMS BAYOU,,
1334,D1301,23.042291840000001,Inadequate,4,3,D,BRAYS BAYOU,,
1338,D0839,57.046673339999998,Inadequate,3,1,D,BRAYS BAYOU,,
1339,C0151,114.595511500000001,Inadequate,1,1,I,SIMS BAYOU,,
1347,D0904,15.141785600000000,Inadequate,3,1,I,BRAYS BAYOU,,
1349,D0020,13.944293829999999,Inadequate,4,3,I,BRAYS BAYOU,,
1351,D0432,39.048928670000002,Inadequate,1,1,F,BRAYS BAYOU,,
1357,D0308,33.988723700000001,Inadequate,1,1,C,BRAYS BAYOU,71352509718040704919671824867952371717390914848771169814328845587454236766428203649380779837882368.000000000000000,
1359,D0358,57.717856070000003,Inadequate,3,1,C,BRAYS BAYOU,,
1363,D0889,86.678894880000001,Inadequate,3,1,D,BRAYS BAYOU,,
1367,C0617,87.744162979999999,Inadequate,4,3,D,SIMS BAYOU,,
1374,E0130,143.287764290000013,Inadequate,4,3,A,WHITE OAK BAYOU,,
1375,E0132,70.230130740000007,Inadequate,2,1,A,WHITE OAK BAYOU,,
1385,E0736,18.390549560000000,Inadequate,4,3,A,WHITE OAK BAYOU,,
1386,E0257,21.473318460000002,Inadequate,3,1,B,WHITE OAK BAYOU,,
1394,E0764,161.179583600000001,Inadequate,4,3,A,WHITE OAK BAYOU,,
1398,E0236,128.044410190000008,Inadequate,4,3,H,WHITE OAK BAYOU,,
1402,E0746,39.593662670000001,Inadequate,4,3,A,WHITE OAK BAYOU,,
1405,E0237,82.560429920000004,Inadequate,3,1,H,WHITE OAK BAYOU,,
1413,D0030,11.907242249999999,Inadequate,4,3,I,BRAYS BAYOU,,
1417,W0699,250.890842340000006,Inadequate,1,1,C,BUFFALO BAYOU,,
1418,W0138,48.639454669999999,Inadequate,4,3,C,BUFFALO BAYOU,,
1422,E0760,28.413429760000000,Inadequate,3,1,A,WHITE OAK BAYOU,,
1425,W0392,233.050952539999997,Inadequate,2,1,A,BUFFALO BAYOU,,
1431,E0145,142.289278069999995,Inadequate,3,1,H,WHITE OAK BAYOU,,
1432,W0319,7.471577580000000,Inadequate,4,3,A,BUFFALO BAYOU,,
1434,E0320,8.950578360000000,Inadequate,4,3,H,WHITE OAK BAYOU,,
1441,D0511,45.489054899999999,Inadequate,4,3,F,BRAYS BAYOU,,
1448,C0134,362.241630859999987,Inadequate,1,1,I,SIMS BAYOU,,
1449,D1381,69.320625190000001,Inadequate,3,1,F,BRAYS BAYOU,,
1451,C0007,42.030254169999999,Inadequate,2,1,I,SIMS BAYOU,,
1454,P0061,55.706539610000000,Inadequate,0,5,B,GREENS BAYOU,,
1461,E0354,448.082459019999988,Inadequate,1,1,H,WHITE OAK BAYOU,,
1467,P0083,83.739926350000005,Inadequate,1,1,B,GREENS BAYOU,,
1470,E0122,14.698386530000001,Inadequate,1,1,A,WHITE OAK BAYOU,,
1473,P0074,78.764106760000004,Inadequate,3,1,B,GREENS BAYOU,,
1474,P0076,115.780630320000000,Inadequate,1,1,B,GREENS BAYOU,,
1485,E0119,22.097848970000001,Inadequate,1,1,A,WHITE OAK BAYOU,,
1489,E0906,23.232715089999999,Inadequate,4,3,A,WHITE OAK BAYOU,,
1496,E0901,123.948147840000004,Inadequate,3,1,A,WHITE OAK BAYOU,,
1498,E0560,48.777765189999997,Inadequate,4,3,A,WHITE OAK BAYOU,,
1501,P0100,59.969580590000000,Inadequate,1,1,B,GREENS BAYOU,,
1504,P0075,51.096599009999998,Inadequate,3,1,B,GREENS BAYOU,,
1511,P0065,83.488783659999996,Inadequate,3,1,B,GREENS BAYOU,,
1512,P0063,101.390417600000006,Inadequate,4,3,B,GREENS BAYOU,,
1518,E0117,123.210330769999999,Inadequate,3,1,B,WHITE OAK BAYOU,,
1525,E0526,189.489356219999991,Inadequate,4,3,A,WHITE OAK BAYOU,,
1526,P0066,69.418428340000006,Inadequate,1,1,B,GREENS BAYOU,,
1529,P0072,48.726837889999999,Inadequate,1,1,B,GREENS BAYOU,,
1541,P0073,53.576448849999998,Inadequate,3,1,B,GREENS BAYOU,,
1552,W0328,7.760288440000000,Inadequate,4,3,A,BUFFALO BAYOU,,
1553,W0399,6.547644930000000,Inadequate,4,3,A,BUFFALO BAYOU,,
1557,W0359,35.506795349999997,Inadequate,2,1,A,WHITE OAK BAYOU,,
1560,W0329,25.656555340000001,Inadequate,4,3,A,BUFFALO BAYOU,,
1561,W0435,300.070719689999976,Inadequate,4,3,A,BUFFALO BAYOU,,
1562,W0331,19.083818640000000,Inadequate,4,3,A,BUFFALO BAYOU,,
1566,W0152,15.019622950000000,Inadequate,4,3,A,BUFFALO BAYOU,,
1568,W0201,56.192838559999998,Inadequate,2,1,G,BUFFALO BAYOU,,
1569,W0197,86.204013390000000,Inadequate,1,1,G,BUFFALO BAYOU,,
1570,W0455,31.086006040000001,Inadequate,4,3,H,BUFFALO BAYOU,,
1571,W0223,37.045516990000003,Inadequate,4,3,G,BUFFALO BAYOU,,
1574,W0265,15.309204200000000,Inadequate,4,3,G,BUFFALO BAYOU,,
1584,H0081,113.184440879999997,Inadequate,4,3,I,HUNTING BAYOU,,
1587,H0080,48.194730280000002,Inadequate,2,1,I,SHIP CHANNEL,,
1590,W0804,217.222908020000006,Inadequate,1,1,I,BUFFALO BAYOU,,
1594,W0552,98.530482129999996,Inadequate,3,1,C,BUFFALO BAYOU,,
1596,W0117,232.163465470000006,Inadequate,1,A,G,BUFFALO BAYOU,,
1604,W0627,102.757790029999995,Inadequate,3,1,G,BUFFALO BAYOU,,
1605,D0014,22.678151480000000,Inadequate,4,3,I,BRAYS BAYOU,,
1615,P0059,54.004902199999997,Inadequate,4,3,B,GREENS BAYOU,,
1616,E0195,84.980757530000005,Inadequate,3,1,B,WHITE OAK BAYOU,,
1619,P0060,5.607764350000000,Inadequate,4,3,B,GREENS BAYOU,,
1623,P0081,90.206670990000006,Inadequate,3,1,B,GREENS BAYOU,,
1629,P0058,112.856862820000003,Inadequate,4,3,B,GREENS BAYOU,,
1631,P0053,296.019421659999978,Inadequate,1,1,B,GREENS BAYOU,,
1634,P0097,448.025749990000008,Inadequate,1,1,H,WHITE OAK BAYOU,,
1642,P0067,35.344778060000003,Inadequate,1,1,B,GREENS BAYOU,,
1659,P0080,29.840711400000000,Inadequate,3,1,B,GREENS BAYOU,,
1660,P0077,28.346739469999999,Inadequate,4,3,B,GREENS BAYOU,,
1661,P0069,44.220491310000000,Inadequate,3,1,B,GREENS BAYOU,,
1663,P0086,550.359097160000033,Inadequate,1,1,B,GREENS BAYOU,,
1664,E0548,111.266446360000003,Inadequate,3,1,A,WHITE OAK BAYOU,,
1679,P0092,151.254477360000010,Inadequate,1,1,H,GREENS BAYOU,,
1685,P0093,121.506042789999995,Inadequate,1,1,H,GREENS BAYOU,,
1688,P0095,425.328891859999999,Inadequate,1,1,H,GREENS BAYOU,,
1703,E0403,52.427444880000003,Inadequate,2,1,A,WHITE OAK BAYOU,,
1709,E0063,33.704318229999998,Inadequate,4,3,A,WHITE OAK BAYOU,,
1713,H0086,225.543611940000005,Inadequate,4,3,H,HUNTING BAYOU,,
1716,W0365,50.582721390000003,Inadequate,4,3,A,BUFFALO BAYOU,,
1720,W0320,31.846786750000000,Inadequate,4,3,A,BUFFALO BAYOU,,
1722,E0139,370.126270970000007,Inadequate,1,1,H,WHITE OAK BAYOU,,
1723,W0350,43.174307610000000,Inadequate,4,3,A,BUFFALO BAYOU,,
1726,C0657,12.587290370000000,Inadequate,4,3,D,SIMS BAYOU,,
1729,E0776,49.414540119999998,Inadequate,1,1,A,WHITE OAK BAYOU,,
1738,E0789,75.386077819999997,Inadequate,3,1,A,WHITE OAK BAYOU,,
1740,E0790,86.350788949999995,Inadequate,3,1,A,WHITE OAK BAYOU,,
1747,E0792,23.271074960000000,Inadequate,3,1,A,BUFFALO BAYOU,,
1748,E0312,657.849960760000045,Inadequate,1,1,H,WHITE OAK BAYOU,,
1751,C0430,22.429654090000000,Inadequate,1,1,D,SIMS BAYOU,,
1752,C0519,19.038771000000001,Inadequate,4,3,D,SIMS BAYOU,,
1757,C0551,31.325849229999999,Inadequate,1,1,D,SIMS BAYOU,,
1762,P0169,64.838882240000004,Inadequate,0,5,B,GREENS BAYOU,,
1770,C0089,28.129375039999999,Inadequate,3,1,D,SIMS BAYOU,,
1772,C0095,14.997954060000000,Inadequate,3,1,D,SIMS BAYOU,,
1776,W0476,185.287395049999986,Inadequate,4,3,B,BUFFALO BAYOU,,
1782,W0457,120.458063800000005,Inadequate,4,3,H,BUFFALO BAYOU,,
1783,W0289,8.065281610000000,Inadequate,4,3,G,BUFFALO BAYOU,,
1784,W0449,126.377077409999998,Inadequate,4,3,H,BUFFALO BAYOU,,
1790,D0086,32.657003260000003,Inadequate,4,3,D,BRAYS BAYOU,,
1791,D0026,43.195014049999997,Inadequate,1,1,I,BRAYS BAYOU,,
1795,D0048,15.236509209999999,Inadequate,4,3,I,BRAYS BAYOU,931953.221544286818244,
1798,D0056,88.735659589999997,Inadequate,1,1,D,BRAYS BAYOU,,
1799,D0047,31.683777280000001,Inadequate,3,1,I,BRAYS BAYOU,,
1806,E0730,72.599724769999995,Inadequate,1,1,A,WHITE OAK BAYOU,,
1820,E0371,31.961207430000002,Inadequate,3,1,H,WHITE OAK BAYOU,,
1821,E0101,12.610116780000000,Inadequate,1,1,A,WHITE OAK BAYOU,,
1826,C0546,92.160310929999994,Inadequate,1,1,D,SIMS BAYOU,,
1828,C0474,18.912123390000001,Inadequate,4,3,D,SIMS BAYOU,,
1842,C0109,24.797073319999999,Inadequate,4,3,D,SIMS BAYOU,,
1846,C0428,26.682030130000001,Inadequate,3,1,D,SIMS BAYOU,,
1851,E0378,35.241438760000001,Inadequate,3,1,H,WHITE OAK BAYOU,,
1854,E0557,13.962277889999999,Inadequate,4,3,A,WHITE OAK BAYOU,,
1861,E0525,140.250637409999996,Inadequate,4,3,A,WHITE OAK BAYOU,,
1873,P0042,62.989477450000003,Inadequate,3,1,B,GREENS BAYOU,,
1874,P0044,84.817220309999996,Inadequate,1,1,B,GREENS BAYOU,,
1875,E0344,1077.952647569999954,Inadequate,1,1,H,WHITE OAK BAYOU,,
1889,D1391,17.249307120000001,Inadequate,3,1,G,BRAYS BAYOU,,
1894,H0077,9.728747320000000,Inadequate,4,3,I,SHIP CHANNEL,,
1900,W0402,312.957878059999985,Inadequate,2,1,A,BUFFALO BAYOU,,
1901,W0404,720.507678459999966,Inadequate,2,1,A,BUFFALO BAYOU,,
1904,E0742,75.780422139999999,Inadequate,2,1,A,WHITE OAK BAYOU,,
1906,D0007,86.015307800000002,Inadequate,4,3,I,BRAYS BAYOU,,
1913,E0709,17.499965650000000,Inadequate,1,1,A,WHITE OAK BAYOU,,
1915,E0150,107.004729650000002,Inadequate,3,1,H,WHITE OAK BAYOU,,
1920,W0343,26.888881770000001,Inadequate,2,1,A,BUFFALO BAYOU,,
1927,W0312,186.358674309999998,Inadequate,4,3,A,BUFFALO BAYOU,,
1930,W0598,109.529853439999997,Inadequate,3,1,G,BUFFALO BAYOU,,
1933,W0571,43.013181109999998,Inadequate,1,1,G,BUFFALO BAYOU,,
1935,W0271,28.576808499999999,Inadequate,4,3,G,BUFFALO BAYOU,,
1956,D0128,15.239617660000000,Inadequate,3,1,C,BRAYS BAYOU,,
1958,C0153,25.993870520000002,Inadequate,3,1,I,SIMS BAYOU,,
1959,C0175,73.452156740000007,Inadequate,1,1,E,SIMS BAYOU,,
1962,D0124,64.069090729999999,Inadequate,3,1,C,BRAYS BAYOU,,
1986,P0056,119.352042359999999,Inadequate,3,1,B,GREENS BAYOU,,
1989,E0406,45.861013720000003,Inadequate,2,1,B,WHITE OAK BAYOU,,
1992,E0517,32.044511020000002,Inadequate,3,1,A,WHITE OAK BAYOU,,
2000,P0036,101.257477949999995,Inadequate,3,1,B,GREENS BAYOU,,
2005,P0038,9.958441940000000,Inadequate,3,1,B,GREENS BAYOU,,
2007,E0735,58.877511660000003,Inadequate,4,3,A,WHITE OAK BAYOU,,
2014,E0733,26.749839049999999,Inadequate,4,3,A,WHITE OAK BAYOU,,
2025,E0401,61.828865680000000,Inadequate,1,1,A,WHITE OAK BAYOU,,
2029,E0349,35.364163249999997,Inadequate,4,3,H,WHITE OAK BAYOU,,
2062,E0714,156.585153230000003,Inadequate,1,1,A,WHITE OAK BAYOU,,
2063,E0097,11.332948050000001,Inadequate,3,1,A,WHITE OAK BAYOU,,
2064,E0159,963.638328620000038,Inadequate,1,1,A,WHITE OAK BAYOU,,
2066,P0035,358.931675559999974,Inadequate,1,1,B,GREENS BAYOU,,
2067,E0771,29.524853830000001,Inadequate,4,3,A,WHITE OAK BAYOU,,
2068,E0096,22.956274319999999,Inadequate,2,1,A,WHITE OAK BAYOU,,
2071,E0347,183.566208710000012,Inadequate,1,1,H,WHITE OAK BAYOU,,
2072,E0090,239.007916440000002,Inadequate,3,1,A,WHITE OAK BAYOU,,
2074,E0089,221.311222369999996,Inadequate,1,1,A,WHITE OAK BAYOU,,
2077,C0315,134.206786609999995,Inadequate,1,1,E,SIMS BAYOU,,
2080,H0054,152.027759220000007,Inadequate,4,3,I,HUNTING BAYOU,,
2081,C0599,18.355241580000001,Inadequate,4,3,D,SIMS BAYOU,,
2085,E0726,20.497750100000001,Inadequate,4,3,A,WHITE OAK BAYOU,,
2087,P0031,121.071194739999996,Inadequate,4,3,B,GREENS BAYOU,,
2089,P0032,110.050456589999996,Inadequate,4,3,B,GREENS BAYOU,,
2092,E0767,41.079598879999999,Inadequate,3,1,A,WHITE OAK BAYOU,,
2095,H0093,502.353070319999972,Inadequate,2,1,B,HUNTING BAYOU,,
2100,P0026,94.074830829999996,Inadequate,4,3,B,GREENS BAYOU,,
2105,E0087,159.862127380000004,Inadequate,3,1,A,WHITE OAK BAYOU,,
2106,E0082,514.384132219999969,Inadequate,1,1,A,WHITE OAK BAYOU,15162649618125786223918066304895811943731670706130146902129284814666374679216118679394161173846066142936690707103945805615071232.000000000000000,
2108,E0721,61.836719039999998,Inadequate,3,1,A,WHITE OAK BAYOU,,
2112,E0743,61.627012980000003,Inadequate,4,3,A,WHITE OAK BAYOU,,
2118,E0342,15.189484690000000,Inadequate,4,3,H,WHITE OAK BAYOU,,
2122,E0340,318.248424609999972,Inadequate,1,1,H,WHITE OAK BAYOU,,
2126,E0084,55.349420309999999,Inadequate,4,3,A,WHITE OAK BAYOU,,
2133,C0198,22.629974690000001,Inadequate,3,1,E,SIMS BAYOU,,
2135,D0891,73.248587060000006,Inadequate,4,3,D,BRAYS BAYOU,,
2136,D0097,77.700043660000006,Inadequate,3,1,C,BRAYS BAYOU,,
2148,C0197,26.627829400000000,Inadequate,3,1,E,SIMS BAYOU,,
2156,C0028,20.544985550000000,Inadequate,1,1,I,SIMS BAYOU,,
2164,C0031,35.614848420000001,Inadequate,1,1,I,SIMS BAYOU,,
2169,W0377,28.215230989999998,Inadequate,4,3,A,BUFFALO BAYOU,,
2170,C0403,26.972654819999999,Inadequate,4,3,D,SIMS BAYOU,,
2179,E0335,49.447616680000003,Inadequate,1,1,H,WHITE OAK BAYOU,,
2202,W0710,55.471792280000003,Inadequate,1,1,G,BUFFALO BAYOU,,
2204,D0033,14.996198830000001,Inadequate,4,3,I,BRAYS BAYOU,,
2206,D0952,34.701462139999997,Inadequate,3,1,I,BRAYS BAYOU,,
2210,D0022,101.817688770000004,Inadequate,3,1,I,BRAYS BAYOU,,
2212,D0046,109.126776030000002,Inadequate,3,1,I,BRAYS BAYOU,,
2213,D0921,21.787687300000002,Inadequate,4,3,G,BRAYS BAYOU,,
2214,W0698,136.546238259999996,Inadequate,3,1,C,BUFFALO BAYOU,,
2221,W0550,46.729681640000003,Inadequate,4,3,C,BUFFALO BAYOU,,
2226,D5002,41.387346970000003,Inadequate,4,3,G,BUFFALO BAYOU,,
2231,D0001,92.325854609999993,Inadequate,3,1,I,SIMS BAYOU,,
2239,C0275,20.610461999999998,Inadequate,3,1,E,SIMS BAYOU,,
2244,D0419,23.049091550000000,Inadequate,3,1,C,BRAYS BAYOU,,
2249,H0098,15.863353760000001,Inadequate,4,3,B,HUNTING BAYOU,,
2255,D0420,38.243047750000002,Inadequate,3,1,C,BRAYS BAYOU,,
2260,D0865,18.432317950000002,Inadequate,1,1,C,BRAYS BAYOU,,
2261,C0165,23.847138940000001,Inadequate,3,1,I,SIMS BAYOU,,
2263,C0402,25.050245289999999,Inadequate,4,3,D,SIMS BAYOU,,
2264,D0457,19.654733360000002,Inadequate,4,3,C,BRAYS BAYOU,,
2266,D0487,16.057188350000001,Inadequate,4,3,C,BRAYS BAYOU,,
2268,C0660,4.116415060000000,Inadequate,4,3,D,SIMS BAYOU,,
2272,C0553,23.144343509999999,Inadequate,2,1,D,SIMS BAYOU,,
2273,C0525,11.153826510000000,Inadequate,1,1,D,SIMS BAYOU,,
2274,C0555,10.560608459999999,Inadequate,3,1,D,SIMS BAYOU,,
2275,C0556,20.426129979999999,Inadequate,4,3,D,SIMS BAYOU,,
2276,C0563,6.503001400000000,Inadequate,1,1,D,SIMS BAYOU,,
2277,C0564,17.136567679999999,Inadequate,1,1,D,SIMS BAYOU,,
2280,C0656,2.498687160000000,Inadequate,3,1,D,SIMS BAYOU,,
2282,W0488,59.567154070000001,Inadequate,2,1,A,BUFFALO BAYOU,,
2296,E0722,14.989087820000000,Inadequate,3,1,A,WHITE OAK BAYOU,,
2297,E0753,47.638094140000000,Inadequate,1,1,A,WHITE OAK BAYOU,,
2299,E0711,15.209406930000000,Inadequate,2,1,A,WHITE OAK BAYOU,,
2310,E0812,12.952270420000000,Inadequate,1,1,A,WHITE OAK BAYOU,-305617829534182905814398974937260500379052578123623388597300256840432221689674155198951248763221350687965184.000000000000000,
2311,E0740,58.437921600000003,Inadequate,3,1,A,WHITE OAK BAYOU,,
2313,E0758,54.589068070000003,Inadequate,1,1,A,WHITE OAK BAYOU,,
2321,P0025,26.620205280000000,Inadequate,4,3,B,GREENS BAYOU,,
2326,E0086,71.279813430000004,Inadequate,1,1,A,WHITE OAK BAYOU,,
2328,E0739,19.607832609999999,Inadequate,3,1,A,WHITE OAK BAYOU,,
2329,E0712,79.910554919999996,Inadequate,3,1,A,WHITE OAK BAYOU,,
2332,E0713,13.158891740000000,Inadequate,1,1,A,WHITE OAK BAYOU,,
2337,W0307,15.048639730000000,Inadequate,2,1,A,BUFFALO BAYOU,,
2344,E0777,11.759438919999999,Inadequate,3,1,A,WHITE OAK BAYOU,,
2345,E0704,76.111351909999996,Inadequate,1,1,A,WHITE OAK BAYOU,,
2351,P0033,161.370665550000012,Inadequate,1,1,B,GREENS BAYOU,,
2372,E0773,60.714868150000001,Inadequate,3,1,A,WHITE OAK BAYOU,,
2381,E0337,323.706458789999999,Inadequate,1,1,H,WHITE OAK BAYOU,,
2382,E0803,31.080514529999999,Inadequate,1,1,A,BUFFALO BAYOU,,
2383,E0807,31.457481049999998,Inadequate,3,1,A,BUFFALO BAYOU,,
2388,C0561,106.142026529999995,Inadequate,1,1,D,SIMS BAYOU,,
2392,E0198,72.981129850000002,Inadequate,3,1,H,WHITE OAK BAYOU,,
2397,E0160,15.829902750000000,Inadequate,4,3,A,WHITE OAK BAYOU,,
2398,W0313,12.667581999999999,Inadequate,4,3,A,BUFFALO BAYOU,,
2401,W0324,22.890015689999998,Inadequate,4,3,A,BUFFALO BAYOU,,
2402,E0745,30.590268920000000,Inadequate,3,1,A,WHITE OAK BAYOU,,
2406,W0358,9.647950610000001,Inadequate,4,3,A,BUFFALO BAYOU,,
2407,W0357,22.380338670000000,Inadequate,4,3,A,BUFFALO BAYOU,,
2408,W0314,5.449678930000000,Inadequate,4,3,A,BUFFALO BAYOU,,
2409,E0157,36.424617169999998,Inadequate,1,1,A,WHITE OAK BAYOU,0.000000000000000,
2410,E0238,29.025629590000001,Inadequate,4,3,H,WHITE OAK BAYOU,,
2413,E0078,59.997617120000001,Inadequate,1,1,A,WHITE OAK BAYOU,,
2417,E0319,915.552408040000046,Inadequate,1,1,H,WHITE OAK BAYOU,,
2419,E0080,112.978669339999996,Inadequate,1,1,H,WHITE OAK BAYOU,,
2426,E0146,248.112261200000006,Inadequate,1,1,H,WHITE OAK BAYOU,,
2433,E0147,203.123942510000006,Inadequate,3,1,H,WHITE OAK BAYOU,8848079.028262896463275,
2434,W0383,36.249839590000001,Inadequate,4,3,A,BUFFALO BAYOU,,
2435,E0241,22.344291089999999,Inadequate,2,1,H,WHITE OAK BAYOU,,
2437,E0155,9.454854180000000,Inadequate,4,3,H,WHITE OAK BAYOU,,
2445,H0097,118.290492150000006,Inadequate,4,3,B,HUNTING BAYOU,,
2450,E0245,39.690601800000003,Inadequate,4,3,H,WHITE OAK BAYOU,,
2451,H0105,19.028002260000001,Inadequate,2,1,B,HUNTING BAYOU,,
2462,W0301,21.726591580000001,Inadequate,4,3,A,BUFFALO BAYOU,,
2467,E0069,13.430895380000001,Inadequate,4,3,A,WHITE OAK BAYOU,,
2478,W0369,86.601165879999996,Inadequate,4,3,A,BUFFALO BAYOU,,
2479,H0138,80.649046769999998,Inadequate,4,3,H,HUNTING BAYOU,,
2480,W0364,85.589137219999998,Inadequate,4,3,A,BUFFALO BAYOU,,
2483,H0094,661.620463670000049,Inadequate,2,1,B,HUNTING BAYOU,,
2489,H0096,141.846462430000003,Inadequate,2,1,B,HUNTING BAYOU,,
2490,W0401,18.200357449999998,Inadequate,4,3,A,BUFFALO BAYOU,,
2500,D0045,10.957263240000000,Inadequate,4,3,I,BRAYS BAYOU,,
2505,E0311,293.078213819999974,Inadequate,1,1,H,WHITE OAK BAYOU,,
2509,E0059,365.508559559999981,Inadequate,1,1,A,WHITE OAK BAYOU,,
2523,H0139,19.032891700000000,Inadequate,4,3,H,HUNTING BAYOU,1323956170094857613891075866835995589297906837820312118906675178469319290866403393668947550697236520763756928196096164021950426579699426357171064154325721771011189103897541586689032994691865855756145968482879878737294474197839670327899561723170202815823872.000000000000000,
2529,W0367,48.374264169999996,Inadequate,4,3,A,BUFFALO BAYOU,,
2530,W0397,7.189045650000000,Inadequate,4,3,A,BUFFALO BAYOU,,
2535,E0058,112.491073700000001,Inadequate,1,1,A,WHITE OAK BAYOU,,
2542,H0064,19.638606220000000,Inadequate,4,3,B,HUNTING BAYOU,,
2553,E0314,40.039863609999998,Inadequate,3,1,H,WHITE OAK BAYOU,,
2556,P0007,117.699164089999996,Inadequate,4,3,E,GREENS BAYOU,,
2560,E0057,73.658062409999999,Inadequate,1,1,A,WHITE OAK BAYOU,,
2564,W0221,49.075199150000003,Inadequate,4,3,A,BUFFALO BAYOU,,
2567,W0427,217.631489329999994,Inadequate,4,3,A,BUFFALO BAYOU,,
2569,W0395,13.384976330000001,Inadequate,4,3,A,BUFFALO BAYOU,,
2571,W0379,104.018897910000007,Inadequate,4,3,A,BUFFALO BAYOU,,
2572,E0301,243.287340269999987,Inadequate,1,1,H,WHITE OAK BAYOU,,
2573,P0023,5.643699770000000,Inadequate,4,3,E,GREENS BAYOU,,
2574,H0009,70.408587240000003,Inadequate,3,1,I,HUNTING BAYOU,,
2575,E0049,348.719124319999992,Inadequate,3,1,A,WHITE OAK BAYOU,,
2576,E0041,49.875812549999999,Inadequate,3,1,H,WHITE OAK BAYOU,,
2578,H0033,61.391272119999996,Inadequate,3,1,I,HUNTING BAYOU,,
2579,W0349,42.117669010000000,Inadequate,4,3,A,BUFFALO BAYOU,,
2580,W0322,350.153148980000026,Inadequate,4,3,A,BUFFALO BAYOU,,
2581,H0034,40.264104230000001,Inadequate,3,1,I,HUNTING BAYOU,,
2586,P0021,11.084692870000000,Inadequate,4,3,E,GREENS BAYOU,,
2587,W0327,33.899991640000003,Inadequate,4,3,A,BUFFALO BAYOU,,
2588,W0484,643.020144830000049,Inadequate,4,3,H,BUFFALO BAYOU,,
2591,P0006,119.057421239999996,Inadequate,4,3,E,GREENS BAYOU,,
2598,W0479,1003.154622600000039,Inadequate,2,1,I,BUFFALO BAYOU,,
2602,E0310,149.581940419999995,Inadequate,2,1,H,WHITE OAK BAYOU,,
2606,P0019,24.383754459999999,Inadequate,4,3,E,GREENS BAYOU,,
2611,H0085,35.220513990000001,Inadequate,4,3,B,HUNTING BAYOU,,
2612,W0380,33.455250399999997,Inadequate,4,3,A,BUFFALO BAYOU,,
2616,E0035,132.631215700000013,Inadequate,1,1,H,WHITE OAK BAYOU,,
2619,W0381,607.431756309999969,Inadequate,4,3,A,BUFFALO BAYOU,,
2620,C0054,163.321882090000003,Inadequate,1,1,D,SIMS BAYOU,,
2624,W0299,35.889921440000002,Inadequate,4,3,A,BUFFALO BAYOU,,
2631,E0227,76.736977010000004,Inadequate,2,1,H,WHITE OAK BAYOU,,
2635,H0044,116.034471280000005,Inadequate,1,1,I,HUNTING BAYOU,,
2642,P0011,8.590210819999999,Inadequate,4,3,E,GREENS BAYOU,,
2648,W0220,80.398464189999999,Inadequate,4,3,A,BUFFALO BAYOU,,
2653,W0217,46.838995369999999,Inadequate,4,3,A,BUFFALO BAYOU,,
2654,E0010,151.512503390000006,Inadequate,1,1,H,WHITE OAK BAYOU,,
2658,E0308,29.033389849999999,Inadequate,3,1,H,WHITE OAK BAYOU,,
2659,P0014,19.947216229999999,Inadequate,4,3,E,GREENS BAYOU,,
2662,W0491,327.864973780000014,Inadequate,4,3,B,BUFFALO BAYOU,,
2664,W0523,105.479024589999995,Inadequate,4,3,A,BUFFALO BAYOU,,
2670,H0082,37.872456790000001,Inadequate,4,3,B,HUNTING BAYOU,,
2671,W0216,25.183791270000000,Inadequate,4,3,A,BUFFALO BAYOU,,
2672,W0215,37.924010549999998,Inadequate,4,3,A,BUFFALO BAYOU,,
2674,W0214,93.556001379999998,Inadequate,4,3,A,BUFFALO BAYOU,,
2677,H0073,47.596683020000000,Inadequate,4,3,B,SHIP CHANNEL,,
2680,W0169,68.607751480000005,Inadequate,4,A,A,BUFFALO BAYOU,,
2685,C0549,16.945375739999999,Inadequate,4,3,D,SIMS BAYOU,,
2688,C0528,41.662606570000001,Inadequate,3,1,D,SIMS BAYOU,,
2699,C0429,20.735628580000000,Inadequate,3,1,D,SIMS BAYOU,,
2701,C0650,15.355265520000000,Inadequate,3,1,D,SIMS BAYOU,,
2707,C0651,14.866545670000001,Inadequate,3,1,D,SIMS BAYOU,,
2709,W0294,302.506399799999997,Inadequate,2,1,G,BUFFALO BAYOU,,
2714,H0037,32.643487420000000,Inadequate,1,1,I,HUNTING BAYOU,,
2716,E0143,207.964436220000010,Inadequate,3,1,H,WHITE OAK BAYOU,,
2718,W0494,10.158695870000001,Inadequate,4,3,A,BUFFALO BAYOU,-0.000000000000000,
2720,W0408,24.297299330000001,Inadequate,4,3,A,BUFFALO BAYOU,,
2723,W0297,16.579236309999999,Inadequate,4,3,A,BUFFALO BAYOU,,
2725,E0302,7.227356260000000,Inadequate,1,1,H,WHITE OAK BAYOU,,
2735,W0441,63.754057930000002,Inadequate,4,3,G,BUFFALO BAYOU,,
2737,D0491,59.848562280000003,Inadequate,3,1,C,BRAYS BAYOU,,
2740,D0621,184.313341290000011,Inadequate,3,1,C,BRAYS BAYOU,,
2749,C0363,58.952619560000002,Inadequate,1,1,E,SIMS BAYOU,,
2754,C0358,218.968172949999996,Inadequate,1,1,E,SIMS BAYOU,,
2759,D0764,20.026617670000000,Inadequate,3,1,F,BRAYS BAYOU,,
2767,C0039,430.758353259999978,Inadequate,1,1,I,SIMS BAYOU,,
2769,D0625,64.207700810000006,Inadequate,4,3,C,BRAYS BAYOU,,
2773,W0430,26.520989620000002,Inadequate,4,3,G,BUFFALO BAYOU,,
2774,W0434,108.672954829999995,Inadequate,4,3,G,BUFFALO BAYOU,,
2777,E0036,339.376216020000015,Inadequate,2,1,H,WHITE OAK BAYOU,1546290092873886870240001523052636233152203445997715064273206042518091161870048213236957382443890559340458677257737545564363225101012611173663593754029568717471425127292600545808200197199955381735529281614069628928.000000000000000,
2781,E0026,48.260389199999999,Inadequate,2,1,H,WHITE OAK BAYOU,,
2783,W0507,87.193153269999996,Inadequate,4,3,G,BUFFALO BAYOU,,
2784,H0065,326.316931000000011,Inadequate,4,3,B,SHIP CHANNEL,,
2792,W0429,46.178057099999997,Inadequate,4,3,G,BUFFALO BAYOU,,
2793,E0029,13.598307000000000,Inadequate,4,3,H,WHITE OAK BAYOU,,
2794,W0486,128.639798729999995,Inadequate,4,3,B,BUFFALO BAYOU,,
2795,P0012,32.026329830000002,Inadequate,4,3,I,GREENS BAYOU,,
2797,W0257,46.788084789999999,Inadequate,4,3,G,BUFFALO BAYOU,,
2801,W0218,17.402572880000001,Inadequate,4,3,A,BUFFALO BAYOU,,
2802,W0296,6.798083720000000,Inadequate,4,3,G,BUFFALO BAYOU,,
2804,E0012,188.920980250000014,Inadequate,2,1,H,WHITE OAK BAYOU,,
2805,W0387,114.014752549999997,Inadequate,4,3,G,BUFFALO BAYOU,,
2809,W0259,44.827690840000002,Inadequate,4,3,G,BUFFALO BAYOU,,
2810,W0219,17.034378839999999,Inadequate,4,3,G,BUFFALO BAYOU,,
2815,H0092,443.947334060000003,Inadequate,2,1,B,HUNTING BAYOU,,
2818,W0151,49.401897679999998,Inadequate,4,3,A,BUFFALO BAYOU,,
2819,W0252,69.199016560000004,Inadequate,4,3,G,BUFFALO BAYOU,,
2821,W0245,195.402543140000006,Inadequate,1,1,G,BUFFALO BAYOU,,
2823,W0150,37.847776359999997,Inadequate,4,3,A,BUFFALO BAYOU,,
2824,W0213,224.461169850000005,Inadequate,1,1,G,BUFFALO BAYOU,,
2825,W0224,184.190226109999998,Inadequate,1,1,G,BUFFALO BAYOU,,
2827,P0005,14.711528410000000,Inadequate,4,3,E,GREENS BAYOU,,
2828,W0209,279.190319240000008,Inadequate,4,3,G,BUFFALO BAYOU,,
2829,W0243,60.073270620000002,Inadequate,4,3,G,BUFFALO BAYOU,,
2830,W0253,35.733234779999997,Inadequate,4,3,G,BUFFALO BAYOU,,
2837,W0180,104.637555539999994,Inadequate,4,3,G,BUFFALO BAYOU,,
2840,W0179,5.538451300000000,Inadequate,4,3,G,BUFFALO BAYOU,,
2846,W0166,93.907596400000003,Inadequate,4,A,A,BUFFALO BAYOU,,
2854,W0263,224.177192910000002,Inadequate,2,1,G,BUFFALO BAYOU,,
2858,W0413,15.411949920000000,Inadequate,4,3,G,BUFFALO BAYOU,,
2864,P0001,64.455310060000002,Inadequate,4,3,E,GREENS BAYOU,,
2869,E0033,37.477440500000000,Inadequate,2,1,H,WHITE OAK BAYOU,,
2872,W0386,139.564287000000007,Inadequate,4,3,G,BUFFALO BAYOU,,
2874,P0002,12.934849200000000,Inadequate,4,3,E,GREENS BAYOU,,
2876,W0436,214.073381790000013,Inadequate,4,3,G,BUFFALO BAYOU,,
2877,H0018,16.613734619999999,Inadequate,4,3,E,HUNTING BAYOU,,
2879,W0438,257.983396130000017,Inadequate,4,3,G,BUFFALO BAYOU,,
2884,W0155,259.965268429999981,Inadequate,4,3,A,BUFFALO BAYOU,,
2886,H0013,173.633676299999991,Inadequate,1,1,E,HUNTING BAYOU,,
2891,W0423,124.431702450000003,Inadequate,4,3,G,BUFFALO BAYOU,,
2892,W0490,17.977426030000000,Inadequate,4,3,H,BUFFALO BAYOU,,
2899,W0443,137.087599540000014,Inadequate,4,3,G,BUFFALO BAYOU,,
2905,W0157,13.373417290000001,Inadequate,4,3,A,BUFFALO BAYOU,,
2906,W0450,99.589562630000003,Inadequate,4,3,H,BUFFALO BAYOU,,
2907,W0246,3.306591560000000,Inadequate,4,3,G,BUFFALO BAYOU,,
2908,W0295,16.113574740000001,Inadequate,4,3,G,BUFFALO BAYOU,,
2909,W0385,35.567830460000003,Inadequate,4,3,G,BUFFALO BAYOU,,
2913,H0001,83.180848049999994,Inadequate,1,1,E,HUNTING BAYOU,,
2917,H0006,22.414693079999999,Inadequate,3,1,E,HUNTING BAYOU,,
2921,W0195,92.144057590000003,Inadequate,2,1,G,BUFFALO BAYOU,,
2922,W0451,61.263790999999998,Inadequate,4,3,H,BUFFALO BAYOU,,
2924,W0475,26.980230989999999,Inadequate,4,3,B,BUFFALO BAYOU,,
2926,W0487,66.100148709999999,Inadequate,4,3,B,BUFFALO BAYOU,,
2927,W0474,106.945221970000006,Inadequate,2,1,B,BUFFALO BAYOU,,
2928,E0004,4.820690220000000,Inadequate,4,3,H,WHITE OAK BAYOU,,
2935,C0052,375.243102609999994,Inadequate,1,1,D,SIMS BAYOU,,
2936,C0454,2.879593200000000,Inadequate,3,1,D,SIMS BAYOU,,
2937,C0436,20.625501520000000,Inadequate,3,1,D,SIMS BAYOU,,
2938,D0031,21.578020120000001,Inadequate,4,3,I,BRAYS BAYOU,,
2940,W0238,39.952932410000003,Inadequate,4,3,G,BUFFALO BAYOU,1740349.810077118920162,
2946,W0225,70.895519350000001,Inadequate,4,3,G,BUFFALO BAYOU,-0.000000000000000,
2947,P0096,666.383962320000023,Inadequate,1,1,B,GREENS BAYOU,,
2948,W0582,54.716353480000002,Inadequate,3,1,G,BUFFALO BAYOU,,
2949,W0465,27.723432859999999,Inadequate,4,3,H,BUFFALO BAYOU,,
2951,W0211,29.864354310000000,Inadequate,4,3,G,BUFFALO BAYOU,,
2953,W0501,10.507868430000000,Inadequate,4,3,H,BUFFALO BAYOU,,
2955,W0239,88.813068209999997,Inadequate,4,3,G,BUFFALO BAYOU,,
2958,W0478,162.681045979999993,Inadequate,4,3,I,BUFFALO BAYOU,,
2963,W0232,7.611764810000000,Inadequate,4,3,G,BUFFALO BAYOU,,
2966,W0595,334.519877829999984,Inadequate,1,1,G,BUFFALO BAYOU,,
2968,W0703,38.360481710000002,Inadequate,4,3,H,BUFFALO BAYOU,,
2972,W0705,294.667221859999984,Inadequate,3,1,H,BUFFALO BAYOU,,
2973,W0193,47.893705169999997,Inadequate,4,3,G,BUFFALO BAYOU,,
2974,W0206,9.763892200000001,Inadequate,4,3,G,BUFFALO BAYOU,,
2978,W0600,26.964902639999998,Inadequate,1,1,G,BUFFALO BAYOU,,
2983,W0704,66.630969910000005,Inadequate,1,1,H,BUFFALO BAYOU,,
2987,W0678,131.148920339999989,Inadequate,1,1,G,BUFFALO BAYOU,,
2989,W0679,333.758627719999993,Inadequate,1,1,D,BUFFALO BAYOU,,
2991,W0686,1044.072597330000008,Inadequate,1,1,D,BUFFALO BAYOU,,
2992,W0196,37.209722069999998,Inadequate,2,1,G,BUFFALO BAYOU,,
2996,W0602,38.336340229999998,Inadequate,3,1,G,BUFFALO BAYOU,,
3007,W0681,71.670263620000000,Inadequate,3,1,D,BUFFALO BAYOU,,
3010,W0574,155.685323970000013,Inadequate,1,1,G,BUFFALO BAYOU,,
3012,W0603,12.985449259999999,Inadequate,3,1,G,BUFFALO BAYOU,,
3019,C0300,10.939264580000000,Inadequate,4,3,E,SIMS BAYOU,,
3021,C0281,47.720149650000003,Inadequate,1,1,E,SIMS BAYOU,,
3025,C0457,7.878667910000000,Inadequate,1,1,D,SIMS BAYOU,,
3036,D0646,27.218967050000000,Inadequate,3,1,C,BRAYS BAYOU,,
3039,D0479,23.235377549999999,Inadequate,1,1,C,BRAYS BAYOU,,
3040,D0241,25.487284760000001,Inadequate,1,1,C,BRAYS BAYOU,,
3043,C0531,96.559281240000004,Inadequate,4,3,D,SIMS BAYOU,,
3048,C0279,9.637185040000000,Inadequate,3,1,E,SIMS BAYOU,,
3050,D0388,67.479745930000007,Inadequate,1,1,C,BRAYS BAYOU,,
3052,C0299,7.854753760000000,Inadequate,3,1,E,SIMS BAYOU,,
3056,C0487,16.797944480000002,Inadequate,4,3,D,SIMS BAYOU,,
3062,W0611,584.949330290000034,Inadequate,1,1,C,BUFFALO BAYOU,,
3070,W0669,147.197469329999990,Inadequate,3,1,H,BUFFALO BAYOU,,
3076,W0711,161.088668509999991,Inadequate,1,1,G,BUFFALO BAYOU,,
3078,W0005,227.968504550000006,Inadequate,1,1,G,BUFFALO BAYOU,,
3087,D0175,12.280089350000001,Inadequate,1,1,C,BRAYS BAYOU,0.000000000000000,
3098,D0755,149.921072689999988,Inadequate,3,1,F,BRAYS BAYOU,,
3103,C0452,4.801135350000000,Inadequate,4,3,D,SIMS BAYOU,,
3106,D0486,17.522133780000001,Inadequate,4,3,C,BRAYS BAYOU,,
3107,D0488,13.467035220000000,Inadequate,4,3,C,BRAYS BAYOU,,
3113,C0250,74.398016330000004,Inadequate,1,1,E,SIMS BAYOU,,
3114,D0485,82.192329099999995,Inadequate,3,1,C,BRAYS BAYOU,6424964730095648833448347042066498513093105253798117376.000000000000000,
3125,D1413,15.078824070000000,Inadequate,4,3,F,BRAYS BAYOU,,
3126,D1402,20.397364199999998,Inadequate,3,1,F,BRAYS BAYOU,,
3128,E1008,239.292353340000005,Inadequate,3,1,A,WHITE OAK BAYOU,127208608782966579475917989440691725559630599049447017388712758805158954256960786260757847911509396471059597877105135448336405950886872161036847100381369615468667097579520.000000000000000,
3130,E1000,62.009299239999997,Inadequate,4,3,A,BUFFALO BAYOU,0.000000000000000,
3132,E1001,85.980370250000007,Inadequate,3,1,A,WHITE OAK BAYOU,,
3135,W0618,31.393034530000001,Inadequate,4,3,G,BUFFALO BAYOU,,
3138,W0282,41.897301040000002,Inadequate,4,3,G,BUFFALO BAYOU,,
3140,W0281,35.305307069999998,Inadequate,4,3,G,BUFFALO BAYOU,,
3141,W0283,33.246820020000001,Inadequate,4,3,G,BUFFALO BAYOU,,
3142,W0619,25.546643350000000,Inadequate,4,3,G,BUFFALO BAYOU,,
3145,W0277,13.065372030000001,Inadequate,4,3,G,BUFFALO BAYOU,,
3146,W0656,633.648499990000005,Inadequate,4,3,H,BUFFALO BAYOU,,
3154,W0014,1016.128106789999947,Inadequate,1,1,G,BUFFALO BAYOU,,
3169,W0614,175.938355800000011,Inadequate,4,3,G,BUFFALO BAYOU,,
3176,W0596,22.780551320000001,Inadequate,3,1,G,BUFFALO BAYOU,,
3179,W0697,228.129452619999995,Inadequate,1,1,G,BUFFALO BAYOU,,
3193,H0076,155.289722149999989,Inadequate,3,1,I,SHIP CHANNEL,,
3195,W0624,54.022072299999998,Inadequate,1,1,G,BUFFALO BAYOU,,
3199,D0881,65.070219280000003,Inadequate,3,1,H,BRAYS BAYOU,,
3206,D0880,67.450606870000001,Inadequate,4,3,H,BRAYS BAYOU,,
3210,W0564,49.930488640000000,Inadequate,1,1,G,BUFFALO BAYOU,,
3212,W0558,102.874355350000002,Inadequate,1,1,G,BUFFALO BAYOU,,
3214,W0566,15.953975990000000,Inadequate,1,1,G,BUFFALO BAYOU,,
3215,W0091,230.122978719999992,Inadequate,2,1,G,BUFFALO BAYOU,,
3218,W0709,59.963790439999997,Inadequate,3,1,G,BUFFALO BAYOU,,
3220,D0876,1183.893885660000024,Inadequate,1,1,I,BRAYS BAYOU,,
3225,D0903,36.555561099999998,Inadequate,3,1,I,BRAYS BAYOU,,
3226,D0860,39.738085140000003,Inadequate,3,1,I,BRAYS BAYOU,,
3227,D0029,68.091867129999997,Inadequate,3,1,I,BRAYS BAYOU,,
3230,W0695,19.653571790000001,Inadequate,3,1,C,BUFFALO BAYOU,,
3237,W0135,36.486823610000002,Inadequate,4,3,C,BUFFALO BAYOU,351.449779164988286,
3238,W0549,53.544137280000001,Inadequate,4,3,C,BUFFALO BAYOU,,
3242,D0072,480.838537130000020,Inadequate,1,1,D,BRAYS BAYOU,,
3243,D0037,159.630489180000012,Inadequate,1,1,I,BRAYS BAYOU,,
3244,D5011,25.448516649999998,Inadequate,1,1,I,BRAYS BAYOU,,
3249,D0807,181.210539189999992,Inadequate,1,1,G,BRAYS BAYOU,,
3250,D0024,42.172338539999998,Inadequate,4,3,I,BRAYS BAYOU,,
3251,D0017,49.554126900000000,Inadequate,4,3,I,BRAYS BAYOU,,
3260,W0551,85.321471329999994,Inadequate,4,3,C,BUFFALO BAYOU,,
3273,D0049,77.508380990000006,Inadequate,3,1,I,BRAYS BAYOU,,
3274,W0141,109.806212759999994,Inadequate,3,1,G,BUFFALO BAYOU,,
3277,D0809,3.615511180000000,Inadequate,4,3,G,BRAYS BAYOU,,
3278,D0559,127.167647979999998,Inadequate,4,3,F,BRAYS BAYOU,,
3280,D0810,9.672847590000000,Inadequate,3,1,G,BRAYS BAYOU,,
3282,D0039,55.752363500000001,Inadequate,4,3,I,BRAYS BAYOU,,
3287,D1303,81.296377309999997,Inadequate,4,3,D,BRAYS BAYOU,-0.000000000000000,
3289,D7044,104.817473629999995,Inadequate,4,3,F,BRAYS BAYOU,,
3291,D7045,49.013284360000000,Inadequate,4,3,F,BRAYS BAYOU,,
3294,D0556,5.555311240000000,Inadequate,4,3,F,BRAYS BAYOU,,
3295,D0085,41.847979250000002,Inadequate,4,A,D,BRAYS BAYOU,,
3296,D0557,5.997354710000000,Inadequate,4,3,F,BRAYS BAYOU,,
3298,D0799,88.216875860000002,Inadequate,3,1,F,BRAYS BAYOU,,
3300,C0383,736.742755620000025,Inadequate,1,1,D,SIMS BAYOU,,
3310,C0115,9.611635180000000,Inadequate,4,3,I,SIMS BAYOU,,
3313,D0914,61.504732820000001,Inadequate,3,1,F,BRAYS BAYOU,,
3316,D0558,54.546759260000002,Inadequate,4,3,F,BRAYS BAYOU,,
3321,D0537,48.798568490000001,Inadequate,3,1,F,BRAYS BAYOU,,
3338,D0534,123.329129339999994,Inadequate,3,1,F,BRAYS BAYOU,,
3342,D0684,82.685782669999995,Inadequate,3,1,F,BRAYS BAYOU,,
3346,D0514,79.166289280000001,Inadequate,3,1,F,BRAYS BAYOU,,
3349,D0536,42.637437030000001,Inadequate,4,3,F,BRAYS BAYOU,,
3354,D0830,95.883358040000005,Inadequate,3,1,D,BRAYS BAYOU,,
3359,D0535,20.582139489999999,Inadequate,4,3,F,BRAYS BAYOU,,
3360,D0701,58.058278170000001,Inadequate,1,1,F,BRAYS BAYOU,,
3365,D0849,50.556420529999997,Inadequate,3,1,D,BRAYS BAYOU,,
3374,D0526,90.509063139999995,Inadequate,3,1,F,BRAYS BAYOU,,
3398,C0166,19.311644810000001,Inadequate,1,1,I,SIMS BAYOU,,
3400,D0901,11.560139939999999,Inadequate,4,3,F,BRAYS BAYOU,,
3407,D0705,7.117036390000000,Inadequate,4,3,F,BRAYS BAYOU,-257708157306952539159717029377133577249197437225188943004252405526242312687138210556916676435660472188212834200284234783166545074931910150412094404478463055444899744066893624384438846266471697834605557428143521792.000000000000000,
3409,D0573,32.094408090000002,Inadequate,3,1,F,BRAYS BAYOU,,
3421,D0787,26.388774659999999,Inadequate,4,3,F,BRAYS BAYOU,,
3425,C0176,117.216343850000001,Inadequate,1,1,E,SIMS BAYOU,,
3429,D0553,29.690350440000000,Inadequate,3,1,F,BRAYS BAYOU,,
3436,D0129,19.835167909999999,Inadequate,1,1,C,BRAYS BAYOU,,
3439,C0161,50.993980639999997,Inadequate,3,1,I,SIMS BAYOU,,
3442,D0850,25.010223180000001,Inadequate,4,3,D,BRAYS BAYOU,,
3444,D0575,12.031700960000000,Inadequate,3,1,F,BRAYS BAYOU,,
3445,D0144,41.230781260000001,Inadequate,3,1,C,BRAYS BAYOU,,
3449,D0579,55.558052230000001,Inadequate,3,1,F,BRAYS BAYOU,,
3451,D0581,48.625030719999998,Inadequate,3,1,F,BRAYS BAYOU,,
3452,D0578,90.432525620000007,Inadequate,3,1,F,BRAYS BAYOU,,
3461,D0518,144.988783439999992,Inadequate,1,1,F,BRAYS BAYOU,,
3462,D0580,30.362379969999999,Inadequate,3,1,F,BRAYS BAYOU,,
3466,D0134,96.907415929999999,Inadequate,1,1,C,BRAYS BAYOU,,
3468,D0550,4.759567430000000,Inadequate,3,1,F,BRAYS BAYOU,-17452496265895134702419992638858356987115012103994333940188440170149052402910598636357813961862726309070840599669883805679932342724646360961373969564362802462605067669960040468666985105334314612046353681924722578660613764583384435484870223695202398878302208.000000000000000,
3469,D0551,38.230698750000002,Inadequate,3,1,F,BRAYS BAYOU,,
3470,C0147,43.370227919999998,Inadequate,1,1,I,SIMS BAYOU,,
3473,D0108,688.065715830000045,Inadequate,3,1,D,BRAYS BAYOU,,
3475,C0138,15.854856800000000,Inadequate,3,1,I,SIMS BAYOU,,
3476,C0006,13.762821560000001,Inadequate,2,1,I,SIMS BAYOU,,
3481,D0548,74.423532249999994,Inadequate,3,1,F,BRAYS BAYOU,,
3482,C0141,130.991901310000003,Inadequate,1,1,I,SIMS BAYOU,,
3483,D0840,170.797052250000007,Inadequate,1,1,D,BRAYS BAYOU,102027486879556922780759189622557598138099367499282258616588932003260649541982716841585027919723855051654117812499261350927079588132552704.000000000000000,
3485,D0582,8.563335750000000,Inadequate,4,3,F,BRAYS BAYOU,,
3486,D0781,25.166678650000001,Inadequate,3,1,F,BRAYS BAYOU,,
3487,C0149,75.296756599999995,Inadequate,1,1,I,SIMS BAYOU,,
3496,D0390,32.914636620000003,Inadequate,3,1,C,BRAYS BAYOU,,
3504,C0280,79.465590250000005,Inadequate,3,1,E,SIMS BAYOU,,
3505,D0398,27.245874140000002,Inadequate,1,1,C,BRAYS BAYOU,,
3508,D0516,13.432589130000000,Inadequate,3,1,F,BRAYS BAYOU,,
3509,D0736,41.180363170000000,Inadequate,1,1,F,BRAYS BAYOU,,
3510,D1380,54.807042539999998,Inadequate,3,1,F,BRAYS BAYOU,,
3512,D0425,74.190972239999994,Inadequate,1,1,F,BRAYS BAYOU,,
3513,D0741,31.641814270000001,Inadequate,4,3,F,BRAYS BAYOU,,
3514,D0517,10.227699250000001,Inadequate,3,1,F,BRAYS BAYOU,,
3516,D0744,30.142204660000001,Inadequate,3,1,F,BRAYS BAYOU,,
3517,D0140,9.720890560000001,Inadequate,1,1,C,BRAYS BAYOU,,
3519,D0585,29.104488620000001,Inadequate,3,1,F,BRAYS BAYOU,,
3522,C0173,7.146518740000000,Inadequate,1,1,E,SIMS BAYOU,,
3524,D0584,14.677811690000000,Inadequate,4,3,F,BRAYS BAYOU,,
3527,D0892,30.002634780000001,Inadequate,4,3,D,BRAYS BAYOU,,
3529,D0139,9.790366990000001,Inadequate,3,1,C,BRAYS BAYOU,,
3530,C0023,77.396945599999995,Inadequate,4,3,I,SIMS BAYOU,,
3531,D0424,63.440803840000001,Inadequate,1,1,F,BRAYS BAYOU,,
3533,D0602,78.159765849999999,Inadequate,1,1,F,BRAYS BAYOU,,
3536,C0051,295.554414759999986,Inadequate,1,1,D,SIMS BAYOU,,
3537,D0586,22.064387470000000,Inadequate,4,3,F,BRAYS BAYOU,,
3542,D0155,20.166455209999999,Inadequate,1,1,C,BRAYS BAYOU,,
3547,D0801,38.331660520000000,Inadequate,1,1,F,BRAYS BAYOU,,
3550,D0208,46.078741899999997,Inadequate,1,1,C,BRAYS BAYOU,,
3557,C0184,22.342981170000002,Inadequate,3,1,E,SIMS BAYOU,,
3570,D0135,39.784753389999999,Inadequate,1,1,C,BRAYS BAYOU,,
3577,C0208,68.779548559999995,Inadequate,1,1,I,SIMS BAYOU,,
3580,D0678,94.963088970000001,Inadequate,3,1,F,BRAYS BAYOU,,
3583,D0596,23.314226770000001,Inadequate,4,3,F,BRAYS BAYOU,,
3585,D0603,35.391955060000001,Inadequate,3,1,F,BRAYS BAYOU,,
3587,D0316,16.746909370000001,Inadequate,1,1,C,BRAYS BAYOU,,
3593,D0363,44.766607860000001,Inadequate,3,1,F,BRAYS BAYOU,,
3595,D0158,26.299926230000001,Inadequate,4,3,C,BRAYS BAYOU,,
3596,D0428,164.718108379999990,Inadequate,1,1,C,BRAYS BAYOU,,
3597,D0157,39.322137660000003,Inadequate,3,1,C,BRAYS BAYOU,,
3598,D0311,27.441346889999998,Inadequate,3,1,C,BRAYS BAYOU,,
3603,D0195,35.192956619999997,Inadequate,3,1,C,BRAYS BAYOU,,
3609,D0362,38.594615609999998,Inadequate,3,1,C,BRAYS BAYOU,,
3611,C0029,72.003376590000002,Inadequate,3,1,I,SIMS BAYOU,,
3615,C0030,173.523241909999996,Inadequate,3,1,I,SIMS BAYOU,,
3616,E0385,151.404197729999993,Inadequate,3,1,B,WHITE OAK BAYOU,,
3617,C0189,40.578775739999998,Inadequate,3,1,E,SIMS BAYOU,,
3619,C0192,113.375995099999997,Inadequate,1,1,E,SIMS BAYOU,,
3620,D0597,17.817143739999999,Inadequate,4,3,F,BRAYS BAYOU,,
3622,C0188,25.707559539999998,Inadequate,3,1,E,SIMS BAYOU,,
3623,D0315,22.130109950000001,Inadequate,3,1,C,BRAYS BAYOU,,
3624,C0035,375.481340740000007,Inadequate,1,1,I,SIMS BAYOU,,
3632,D0731,14.122746790000001,Inadequate,4,3,F,BRAYS BAYOU,,
3637,D0600,53.699951169999999,Inadequate,3,1,F,BRAYS BAYOU,,
3639,D0367,118.896196349999997,Inadequate,1,1,F,BRAYS BAYOU,,
3642,C0196,28.567974050000000,Inadequate,3,1,E,SIMS BAYOU,,
3647,C0212,90.947412389999997,Inadequate,2,1,E,SIMS BAYOU,,
3649,D0652,31.588768760000001,Inadequate,4,3,F,BRAYS BAYOU,,
3650,D0306,37.396519710000000,Inadequate,1,1,C,BRAYS BAYOU,,
3652,D0697,17.442627479999999,Inadequate,3,1,F,BRAYS BAYOU,,
3656,D0937,71.854796690000001,Inadequate,3,1,C,BRAYS BAYOU,,
3663,D0152,25.843593400000000,Inadequate,1,1,C,BRAYS BAYOU,,
3668,C0210,53.205831969999998,Inadequate,1,1,I,SIMS BAYOU,,
3678,D7037,90.817096530000001,Inadequate,1,1,F,BRAYS BAYOU,,
3680,D0305,4.219010070000000,Inadequate,3,1,C,BRAYS BAYOU,,
3681,D0936,30.943214170000001,Inadequate,4,3,C,BRAYS BAYOU,,
3685,D0804,17.503165570000000,Inadequate,1,1,F,BRAYS BAYOU,,
3697,D0341,46.456603170000001,Inadequate,3,1,C,BRAYS BAYOU,,
3698,D0698,43.461331260000001,Inadequate,3,1,F,BRAYS BAYOU,,
3701,D0301,19.900719280000001,Inadequate,4,3,C,BRAYS BAYOU,,
3704,D0351,17.004562490000001,Inadequate,3,1,C,BRAYS BAYOU,,
3707,C0380,64.664681000000002,Inadequate,1,1,D,SIMS BAYOU,,
3712,D0213,4.711964540000000,Inadequate,4,3,C,BRAYS BAYOU,,
3713,D0192,48.495276509999997,Inadequate,1,1,C,BRAYS BAYOU,,
3725,C0387,30.426893979999999,Inadequate,1,1,D,SIMS BAYOU,,
3730,C0386,33.088592570000003,Inadequate,1,1,D,SIMS BAYOU,,
3733,D0212,46.850835359999998,Inadequate,1,1,C,BRAYS BAYOU,,
3734,D0319,21.532287579999998,Inadequate,3,1,C,BRAYS BAYOU,,
3736,C0355,197.338466930000010,Inadequate,1,1,I,SIMS BAYOU,,
3747,D0438,24.765606600000002,Inadequate,2,1,C,BRAYS BAYOU,,
3750,D0348,78.275166859999999,Inadequate,3,1,C,BRAYS BAYOU,,
3754,D5017,23.343528930000002,Inadequate,1,1,C,BRAYS BAYOU,,
3760,D0370,37.054097810000002,Inadequate,3,1,C,BRAYS BAYOU,,
3763,C0375,6.692286220000000,Inadequate,1,1,D,SIMS BAYOU,,
3764,C0385,109.520515549999999,Inadequate,1,1,D,SIMS BAYOU,,
3765,D0369,87.121755840000006,Inadequate,3,1,C,BRAYS BAYOU,,
3768,D0320,74.909592329999995,Inadequate,1,1,C,BRAYS BAYOU,,
3772,D0220,119.248798760000000,Inadequate,1,1,C,BRAYS BAYOU,3279349182576310708699650376594654169646821139567362465361455820312020479197998456491007515913506913952620116101881834503914783768433174780601759676733528452548133092617700627323840521689103449825676865036909985761264645360380489949906716969649470805360456700526592.000000000000000,
3775,C0379,75.735720760000007,Inadequate,1,1,D,SIMS BAYOU,,
3779,C0702,74.085383460000003,Inadequate,3,1,D,SIMS BAYOU,,
3780,C0336,21.762882760000000,Inadequate,3,1,I,SIMS BAYOU,,
3783,D0323,59.789636139999999,Inadequate,1,1,C,BRAYS BAYOU,,
3784,D0338,133.546228180000014,Inadequate,1,1,C,BRAYS BAYOU,,
3785,C0370,44.049123389999998,Inadequate,1,1,D,SIMS BAYOU,,
3790,C0219,26.147076299999998,Inadequate,1,1,I,SIMS BAYOU,,
3794,C0058,161.723071190000013,Inadequate,3,1,D,SIMS BAYOU,,
3795,C0384,491.319205380000028,Inadequate,1,1,D,SIMS BAYOU,,
3821,H0115,62.369002739999999,Inadequate,4,3,B,HUNTING BAYOU,,
3825,C0623,87.169365540000001,Inadequate,4,3,D,SIMS BAYOU,,
3835,D0325,95.859561040000003,Inadequate,1,1,C,BRAYS BAYOU,,
3839,D0446,76.952674610000003,Inadequate,3,1,C,BRAYS BAYOU,,
3843,D0753,60.781431910000002,Inadequate,1,1,F,BRAYS BAYOU,,
3856,D0725,112.647447200000002,Inadequate,3,1,F,BRAYS BAYOU,,
3861,D0761,41.691354420000003,Inadequate,1,1,F,BRAYS BAYOU,,
3862,D0183,7.839528670000000,Inadequate,4,3,C,BRAYS BAYOU,,
3864,C0041,227.407867290000013,Inadequate,1,1,I,SIMS BAYOU,,
3865,D0182,6.567656800000000,Inadequate,3,1,C,BRAYS BAYOU,,
3871,D0180,146.029372690000002,Inadequate,1,1,C,BRAYS BAYOU,,
3877,C0438,3.815570370000000,Inadequate,3,1,D,SIMS BAYOU,,
3891,C0044,15.799491690000000,Inadequate,3,1,I,SIMS BAYOU,,
3895,C0435,8.198272800000000,Inadequate,4,3,D,SIMS BAYOU,,
3898,D0630,69.572962489999995,Inadequate,3,1,C,BRAYS BAYOU,,
3899,C0442,3.907304430000000,Inadequate,4,3,D,SIMS BAYOU,,
3907,D0456,45.491891840000001,Inadequate,4,3,C,BRAYS BAYOU,,
3912,D0632,72.835738329999998,Inadequate,3,1,C,BRAYS BAYOU,,
3919,C0450,6.563879460000000,Inadequate,3,1,D,SIMS BAYOU,,
3925,D0382,78.021999449999996,Inadequate,1,1,C,BRAYS BAYOU,,
3928,D0255,36.079560839999999,Inadequate,3,1,C,BRAYS BAYOU,,
3938,D0417,24.751192159999999,Inadequate,3,1,C,BRAYS BAYOU,,
3941,C0247,54.910692390000001,Inadequate,3,1,E,SIMS BAYOU,,
3948,D0716,22.778147440000001,Inadequate,4,3,F,BRAYS BAYOU,,
3953,C0453,2.963599320000000,Inadequate,4,3,D,SIMS BAYOU,,
3956,D0718,36.277815779999997,Inadequate,1,1,F,BRAYS BAYOU,,
3961,D0416,13.417674430000000,Inadequate,4,3,C,BRAYS BAYOU,,
3964,D0713,38.886455630000000,Inadequate,3,1,F,BRAYS BAYOU,,
3967,D0240,143.901235229999998,Inadequate,4,3,C,BRAYS BAYOU,,
3969,D0499,90.136887200000004,Inadequate,4,3,C,BRAYS BAYOU,,
3971,D0663,79.731261329999995,Inadequate,1,1,F,BRAYS BAYOU,,
3973,D0459,7.274379690000000,Inadequate,4,3,C,BRAYS BAYOU,,
3974,C0278,19.853000489999999,Inadequate,1,1,E,SIMS BAYOU,0.000000000000000,
3981,D0869,32.332505400000002,Inadequate,3,1,F,BRAYS BAYOU,,
3983,C0407,13.796272820000000,Inadequate,4,3,D,SIMS BAYOU,,
3984,C0049,21.291611610000000,Inadequate,3,1,E,SIMS BAYOU,,
3985,C0455,12.420032989999999,Inadequate,3,1,E,SIMS BAYOU,,
4002,D0660,90.010862000000003,Inadequate,1,1,F,BRAYS BAYOU,,
4012,C0631,84.177876330000004,Inadequate,4,3,D,SIMS BAYOU,,
4017,D0642,133.026768870000012,Inadequate,3,1,C,BRAYS BAYOU,,
4028,D0465,15.171156150000000,Inadequate,1,1,C,BRAYS BAYOU,,
4030,D0645,39.885980640000000,Inadequate,3,1,C,BRAYS BAYOU,,
4033,C0053,3.863221670000000,Inadequate,1,1,D,SIMS BAYOU,,
4041,D0478,28.077003030000000,Inadequate,1,1,C,BRAYS BAYOU,,
4051,C0283,4.403809830000000,Inadequate,1,1,E,SIMS BAYOU,,
4056,C0480,29.332283430000000,Inadequate,4,3,E,SIMS BAYOU,,
4061,C0411,33.837661689999997,Inadequate,3,1,D,SIMS BAYOU,,
4063,C0284,4.504070830000000,Inadequate,3,1,E,SIMS BAYOU,,
4066,C0413,50.169810390000002,Inadequate,1,1,D,SIMS BAYOU,,
4072,C0460,4.387085470000000,Inadequate,4,3,D,SIMS BAYOU,,
4074,C0463,14.930840229999999,Inadequate,4,3,D,SIMS BAYOU,,
4075,D0473,47.565506550000002,Inadequate,3,1,C,BRAYS BAYOU,,
4077,C0415,15.209040410000000,Inadequate,1,1,D,SIMS BAYOU,,
4085,C0476,64.142333590000007,Inadequate,2,1,D,SIMS BAYOU,,
4091,C0465,5.096845320000000,Inadequate,4,3,D,SIMS BAYOU,,
4101,D0643,70.125305119999993,Inadequate,1,1,C,BRAYS BAYOU,,
4102,C0418,41.292434690000000,Inadequate,3,1,D,SIMS BAYOU,,
4107,D0503,37.064645810000002,Inadequate,1,1,C,BRAYS BAYOU,,
4111,C0533,5.855522710000000,Inadequate,3,1,D,SIMS BAYOU,,
4116,D0504,33.477915920000001,Inadequate,3,1,C,BRAYS BAYOU,,
4122,C0478,36.329629969999999,Inadequate,4,3,E,SIMS BAYOU,,
4149,C0633,39.151404800000002,Inadequate,4,3,D,SIMS BAYOU,,
4158,C0509,43.978767040000001,Inadequate,1,1,D,SIMS BAYOU,,
4159,C0419,70.668485259999997,Inadequate,3,1,D,SIMS BAYOU,,
4161,C0468,22.170034250000000,Inadequate,1,1,D,SIMS BAYOU,-483176455875828448602991236010115648375381140114555877931315841238877565021135803968761746275656058247950869835405700131382312672811931192179118226275064202099798573056.000000000000000,
4163,C0488,35.355536970000003,Inadequate,4,3,D,SIMS BAYOU,,
4165,C0500,20.098247820000001,Inadequate,1,1,D,SIMS BAYOU,,
4166,C0504,17.418594330000001,Inadequate,3,1,D,SIMS BAYOU,,
4174,C0539,32.328779670000003,Inadequate,3,1,D,SIMS BAYOU,,
4176,C0506,55.213124929999999,Inadequate,1,1,D,SIMS BAYOU,,
4177,C0470,22.468079520000000,Inadequate,3,1,D,SIMS BAYOU,,
4179,C0540,21.848826389999999,Inadequate,3,1,D,SIMS BAYOU,,
4180,C0469,10.702219070000000,Inadequate,1,1,D,SIMS BAYOU,,
4183,C0646,174.763491359999989,Inadequate,1,1,D,SIMS BAYOU,,
4184,C0503,37.783357449999997,Inadequate,1,1,D,SIMS BAYOU,,
4189,C0542,33.952370799999997,Inadequate,1,1,D,SIMS BAYOU,,
4190,C0665,38.995064700000000,Inadequate,4,3,D,SIMS BAYOU,,
4192,C0543,7.171914820000000,Inadequate,4,3,D,SIMS BAYOU,,
4193,C0423,39.164762160000002,Inadequate,3,1,D,SIMS BAYOU,,
4197,C0422,12.039983230000001,Inadequate,3,1,D,SIMS BAYOU,,
4204,C0662,6.214201140000000,Inadequate,3,1,D,SIMS BAYOU,-2201652145508998231126883146536694750331204014066391646341908372470809902722089830318080.000000000000000,
4208,C0094,62.331962179999998,Inadequate,1,1,D,SIMS BAYOU,,
4212,C0093,7.163524470000000,Inadequate,3,1,D,SIMS BAYOU,,
4214,C0661,6.162551060000000,Inadequate,3,1,D,SIMS BAYOU,,
4223,C0520,23.378487180000000,Inadequate,4,3,D,SIMS BAYOU,,
4224,C0524,26.538704780000000,Inadequate,3,1,D,SIMS BAYOU,,
4226,C0499,8.815290040000001,Inadequate,3,1,D,SIMS BAYOU,,
4229,C0557,12.215224429999999,Inadequate,1,1,D,SIMS BAYOU,,
4244,C0670,5.885771030000000,Inadequate,4,3,D,SIMS BAYOU,,
4253,C0560,55.773125000000000,Inadequate,3,1,D,SIMS BAYOU,,
4260,C0675,14.576385869999999,Inadequate,4,A,D,SIMS BAYOU,,
4262,C0677,16.569297079999998,Inadequate,4,3,D,SIMS BAYOU,,
4265,C0573,22.097267630000001,Inadequate,3,1,D,SIMS BAYOU,,
4276,E0369,1274.744000850000020,Inadequate,1,1,H,WHITE OAK BAYOU,,
4277,P0134,83.536646079999997,Inadequate,4,3,B,GREENS BAYOU,,
4278,W0293,93.388376629999996,Inadequate,4,3,G,BUFFALO BAYOU,,
4286,C0583,42.360746470000002,Inadequate,4,3,D,SIMS BAYOU,,
4301,C0174,194.306320419999992,Inadequate,1,1,E,SIMS BAYOU,,
4303,C0621,59.187097540000003,Inadequate,4,3,D,SIMS BAYOU,,
4304,C0639,24.691805700000000,Inadequate,4,3,D,SIMS BAYOU,,
4330,D0069,176.987437180000001,Inadequate,3,1,D,BRAYS BAYOU,161657985793098709842756674382696382689007939556233555771608726141908240845526964202314028069944369761771897303727290810097078477666389415205781922363109787022268510255293531039007391346241400995840.000000000000000,
4331,C0405,35.696493060000002,Inadequate,4,3,D,SIMS BAYOU,,
4336,W0403,1236.357749560000002,Inadequate,2,1,A,BUFFALO BAYOU,,
4346,A0131,75.661163290000005,Inadequate,3,1,E,CLEAR CREEK,,
4347,A0130,8.848141979999999,Inadequate,1,1,E,CLEAR CREEK,29329204449213430650621780097276220024641272712460134997274821935168161839600192884601185641799567366284509697608229610508571032287091465858158587457092160847872.000000000000000,
4358,A0019,16.973141739999999,Inadequate,4,3,E,CLEAR CREEK,0.000000000000000,
4362,C0155,139.152830249999994,Inadequate,1,1,I,SIMS BAYOU,,
4375,C0343,21.583044900000001,Inadequate,3,1,I,SIMS BAYOU,,
4376,C0807,24.270530319999999,Inadequate,3,1,E,SIMS BAYOU,,
4387,C0002,120.017413460000000,Inadequate,4,3,I,SIMS BAYOU,,
4388,I0001,98.639965239999995,Inadequate,4,3,E,VINCE BAYOU,,
4389,C0001,59.941085670000000,Inadequate,4,3,E,SIMS BAYOU,,
4390,C0811,29.069654490000001,Inadequate,4,3,E,SIMS BAYOU,,
4391,C0817,24.879244629999999,Inadequate,4,3,E,SIMS BAYOU,,
4392,W0923,52.432856610000002,Inadequate,4,3,A,BUFFALO BAYOU,-0.000000000000000,
4398,C0593,82.304726990000006,Inadequate,4,3,D,SIMS BAYOU,,
4399,A0050,39.953598430000000,Inadequate,4,3,D,CLEAR CREEK,,
4401,C0587,61.376772109999997,Inadequate,4,3,D,SIMS BAYOU,,
4404,C0619,22.682481450000001,Inadequate,4,3,D,SIMS BAYOU,,
4409,C0689,24.302983030000000,Inadequate,4,3,D,SIMS BAYOU,,
4411,H0011,19.473293580000000,Inadequate,3,A,E,HUNTING BAYOU,,
4413,W0676,46.788794099999997,Inadequate,3,1,C,BUFFALO BAYOU,,
4417,D0091,26.489823139999999,Inadequate,4,3,D,BRAYS BAYOU,,
4420,A0129,28.155989259999998,Inadequate,1,1,E,CLEAR CREEK,0.000511266756918,
4423,A0107,115.749493389999998,Inadequate,3,1,I,CLEAR CREEK,,
4439,G0031,7.398443810000000,Inadequate,4,3,E,SAN JACINTO RIVER,,
4443,G0036,63.641894700000002,Inadequate,1,1,E,SAN JACINTO RIVER,,
4450,G0043,222.289409390000003,Inadequate,3,1,E,SAN JACINTO RIVER,,
4455,G0239,24.097125530000000,Inadequate,1,1,E,SAN JACINTO RIVER,,
4476,G0056,18.416741429999998,Inadequate,4,3,E,SAN JACINTO RIVER,,
4479,G0061,43.847662499999998,Inadequate,3,1,E,SAN JACINTO RIVER,,
4482,G0067,202.722124799999989,Inadequate,1,1,E,SAN JACINTO RIVER,,
4487,G0073,90.017689550000000,Inadequate,3,1,E,SAN JACINTO RIVER,,
4497,G0083,58.380529770000003,Inadequate,4,3,E,SAN JACINTO RIVER,903216391542654591985016587036709528131629204321724952514608425336832.000000000000000,
4523,G0130,22.772775599999999,Inadequate,3,1,E,SAN JACINTO RIVER,,
4525,G0132,40.357526710000002,Inadequate,4,3,E,SAN JACINTO RIVER,,
4527,G0135,96.369391739999998,Inadequate,3,1,E,SAN JACINTO RIVER,,
4550,G0159,9.474766490000000,Inadequate,4,3,E,SAN JACINTO RIVER,,
4552,G0161,135.106659600000000,Inadequate,3,1,E,SAN JACINTO RIVER,,
4561,G0172,28.620073919999999,Inadequate,4,3,E,SAN JACINTO RIVER,,
4562,G0173,23.330152349999999,Inadequate,4,3,E,SAN JACINTO RIVER,29344670173353582141992803990766514503096983967193524909170378514673475581049363790499090677678065092298039636706318534032169767226928178260175715033186402566144.000000000000000,
4567,G0180,42.625354360000003,Inadequate,1,1,E,SAN JACINTO RIVER,,
4584,G0199,47.871975280000001,Inadequate,3,1,E,SAN JACINTO RIVER,,
4586,G0202,65.911311580000003,Inadequate,3,1,E,SAN JACINTO RIVER,,
4629,G0279,22.590597360000000,Inadequate,3,1,E,SAN JACINTO RIVER,,
4644,G0295,42.108219220000002,Inadequate,4,3,E,SAN JACINTO RIVER,,
4645,G0296,28.451330039999998,Inadequate,4,3,E,SAN JACINTO RIVER,,
4651,D0917,30.963590360000001,Inadequate,0,1,F,BRAYS BAYOU,,
