OBJECTID,geoid,County,Morning Temperature,Afternoon Temp Anomaly,Morning Temp Anomaly,Evening Temp Anomaly,Impervious Surface %,Tree Canopy %,Total population,Male pop under 5,Female pop under 5,65 and older %,65 and older,Poverty,Poverty %,Median Income,State,Region,"Percent of Population that is White alone, Non-Hispanic",Percent of Population that is Minority (non-White)
1191,48201100000,Harris County,80.67007877,0.529320919,1.843440031,0.747551467,83.27642469,0.139022222,6011,42,0,6.2,370,4953,16.6,89239,Texas,Houston,52.4,47.6
1192,48201210100,Harris County,80.14224826,0.669062504,1.315609517,0.74773623,81.30286494,0.258392675,7363,0,0,1.8,133,72,0,,Texas,Houston,17.4,82.6
1193,48201210400,Harris County,78.69803119,-0.10799723,-0.128607544,0.121214004,61.32970835,3.001494768,4422,228,209,13.3,587,4422,34.6,36217,Texas,Houston,7.2,92.8
1194,48201210500,Harris County,78.96128586,0.301677649,0.134647126,0.273747894,64.84411765,1.161806209,5548,224,338,9.6,531,5524,22,37323,Texas,Houston,4.1,95.9
1195,48201210600,Harris County,78.89622685,0.388348447,0.069588107,0.302980916,62.45703276,0.368982416,5327,93,104,12.9,686,5327,13.3,57750,Texas,Houston,17,83
1196,48201210700,Harris County,78.38820026,0.157155355,-0.438438482,0.196267933,61.30327215,0.228640193,2459,45,105,11.9,293,2453,27,39047,Texas,Houston,4.7,95.3
1197,48201210800,Harris County,79.18459607,0.317926314,0.357957328,0.336264311,68.15213131,1.083318006,2466,163,73,9.6,236,2454,40.7,32639,Texas,Houston,5.4,94.6
1198,48201210900,Harris County,77.80353419,-1.019688576,-1.023104553,-0.8363949,50.33761599,3.03372591,1320,44,9,17.4,230,1320,13.3,33548,Texas,Houston,3.6,96.4
1199,48201211000,Harris County,77.64403663,-0.807167165,-1.182602107,-0.843010944,53.92580645,1.974880383,1989,86,104,13.6,270,1989,33.7,36736,Texas,Houston,0.8,99.2
1200,48201211100,Harris County,78.1229528,-0.180186401,-0.703685942,-0.047063757,58.99051593,0.888762122,5322,111,62,16,853,5322,39.3,26166,Texas,Houston,2,98
1201,48201211200,Harris County,77.46013441,-1.243741716,-1.366504325,-0.681134236,50.92838336,4.160537762,2211,14,26,15.7,348,2211,37,21143,Texas,Houston,0.1,99.9
1202,48201211300,Harris County,78.85565398,0.041986985,0.029015244,0.370769374,66.59098334,0.371681416,5319,185,103,9.9,529,5292,32.6,27014,Texas,Houston,2,98
1203,48201211400,Harris County,79.1625172,0.484762804,0.335878459,0.429803411,71.04926962,0.786481481,3890,217,249,9,349,3890,37.1,30368,Texas,Houston,9.4,90.6
1204,48201211500,Harris County,79.69510416,0.292582524,0.868465421,0.393958911,69.21555556,0.88587078,6547,196,219,10.4,680,6523,27.1,32285,Texas,Houston,2.8,97.2
1205,48201211600,Harris County,78.94535272,0.25980674,0.118713986,0.34844989,66.81426332,0.13225058,3068,132,168,9.9,303,3054,28.5,31809,Texas,Houston,4.6,95.4
1206,48201211700,Harris County,79.21577004,-0.007537028,0.389131297,0.196740384,64.11707711,1.108223134,4142,226,137,12.6,520,4142,32.2,31367,Texas,Houston,2.9,97.1
1207,48201211900,Harris County,78.98130991,0.176526786,0.154671172,0.197120047,68.91696751,0,5398,280,314,10,542,5343,37.4,35487,Texas,Houston,1.6,98.4
1208,48201212300,Harris County,79.41142435,0.343407681,0.584785608,0.446974695,70.84239888,0.421825813,4387,95,208,11.2,491,4351,35.8,25392,Texas,Houston,8.4,91.6
1209,48201212400,Harris County,80.38602332,0.15521232,1.559384584,0.41588872,73.86842979,0.196250829,3037,166,106,17,515,3010,30.8,38194,Texas,Houston,3.7,96.3
1210,48201212500,Harris County,79.67932729,-0.027683517,0.852688548,0.178958826,65.82315353,2.874789549,4005,91,105,14.8,594,3987,34.2,40735,Texas,Houston,4.4,95.6
1211,48201220100,Harris County,79.08669712,0.558743968,0.260058379,0.435434109,58.58665993,1.56952381,2117,80,17,13.3,281,2117,27.1,32310,Texas,Houston,0.4,99.6
1212,48201220200,Harris County,78.6855205,0.400540066,-0.141118234,0.357335001,59.65592705,0.591033852,2646,55,126,12.8,338,2646,23.2,41750,Texas,Houston,7.2,92.8
1213,48201220300,Harris County,78.17339555,0.252830292,-0.653243193,0.206761897,55.5750114,2.182528892,4437,233,170,6.9,304,4437,27.2,47035,Texas,Houston,6.3,93.7
1214,48201220400,Harris County,78.49360693,0.097988326,-0.333031809,0.239608048,54.76668244,2.243626062,4253,147,181,10.8,461,4253,40.3,36530,Texas,Houston,5,95
1215,48201220500,Harris County,79.54550489,0.434460011,0.71886615,0.557446576,72.59849906,1.097117268,3377,104,67,28.9,976,3377,45.6,15906,Texas,Houston,9.2,90.8
1216,48201220600,Harris County,78.61350835,-0.0842775,-0.213130385,0.221500845,56.08477322,1.304684318,4083,225,232,5.1,209,4083,35.4,38958,Texas,Houston,2.9,97.1
1217,48201221000,Harris County,77.35479105,-0.747537828,-1.471847686,-0.001205836,41.71459538,5.102300406,4214,167,313,7.3,307,4214,35.9,31464,Texas,Houston,8,92
1218,48201221100,Harris County,77.9861876,-0.297538685,-0.840451137,0.549936364,43.55865922,4.453142227,3694,91,195,9.4,346,3694,36.7,29175,Texas,Houston,8.1,91.9
1219,48201221200,Harris County,77.92885135,-0.055413138,-0.897787392,0.096666777,50.2299639,1.892295171,6473,313,351,7.8,508,6473,32.8,43706,Texas,Houston,4.4,95.6
1220,48201221300,Harris County,78.06804329,-0.1557767,-0.758595449,0.214411348,48.40842491,1.836238981,9917,215,347,6.7,661,9917,26.5,46532,Texas,Houston,3.3,96.7
1221,48201221400,Harris County,78.79407285,0.052338869,-0.032565889,0.727726675,61.74534161,0.545791246,5991,186,277,8.6,517,5991,25,34639,Texas,Houston,5.9,94.1
1222,48201221500,Harris County,78.41824636,0.104665121,-0.408392381,0.578676345,57.77317947,0.763165724,8398,567,420,4.8,405,8268,42.5,30556,Texas,Houston,4.8,95.2
1223,48201221600,Harris County,78.43649608,0.15855748,-0.390142659,0.50191617,54.1188691,1.906180629,9403,444,449,9.4,883,9403,27.7,49071,Texas,Houston,5.2,94.8
1224,48201221700,Harris County,77.51325377,-0.359556155,-1.313384967,0.009638333,38.68501942,3.693007966,7898,405,423,7.3,573,7898,21.2,43096,Texas,Houston,4.8,95.2
1225,48201221800,Harris County,78.01010357,0.000525886,-0.816535164,0.214858224,45.69495413,5.851748552,4091,240,200,4,163,4058,41.2,30469,Texas,Houston,5.9,94.1
1226,48201221900,Harris County,77.83055522,-0.082208748,-0.996083518,-0.178046921,40.04079568,11.93541033,5151,151,267,7.8,404,5151,24.3,43438,Texas,Houston,3.3,96.7
1227,48201222000,Harris County,78.03939351,-0.408096915,-0.787245228,-0.147311902,52.4173913,4.912146226,2327,111,42,4.4,102,2327,28.4,37467,Texas,Houston,8,92
1228,48201222100,Harris County,77.9739291,-0.036960892,-0.852709636,0.117189687,52.34862745,1.73191615,5527,149,220,8.4,464,5504,37.9,29983,Texas,Houston,5.5,94.5
1229,48201222200,Harris County,78.44975049,-0.037381214,-0.376888246,0.268377836,49.03453453,3.884763414,3609,119,143,9,325,3609,29.3,34917,Texas,Houston,8.5,91.5
1230,48201222300,Harris County,77.56221193,-0.305950068,-1.264426808,-0.383750351,26.22106022,22.55411955,5036,318,367,4.8,241,5023,31.1,43281,Texas,Houston,4.4,95.6
1231,48201222401,Harris County,78.36420891,0.090971831,-0.462429826,0.36142242,48.58084577,3.037160362,3423,136,164,5.3,182,3368,30.7,37266,Texas,Houston,6.7,93.3
1232,48201222402,Harris County,78.08633165,-0.314524903,-0.740307093,0.21601033,41.86870027,4.092531395,6061,230,404,9.2,559,6013,29.6,47904,Texas,Houston,9.8,90.2
1233,48201222501,Harris County,79.16776874,0.564886239,0.341130003,0.278698161,68.93780849,0.085735403,3834,162,170,5.2,200,3834,41,25057,Texas,Houston,1.9,98.1
1234,48201222502,Harris County,78.35985315,-0.377486367,-0.46678559,0.356174098,49.42992624,2.040394089,4041,169,85,8.3,335,4022,21.1,48068,Texas,Houston,10.3,89.7
1235,48201222503,Harris County,78.6863896,0.176915767,-0.140249135,-0.011990052,64.45930233,0.035615354,7729,599,420,5.3,411,7729,37,32813,Texas,Houston,3.3,96.7
1236,48201222600,Harris County,79.45070585,0.062957633,0.624067107,0.644644176,54.5705963,3.602725636,5062,318,362,6.1,310,5062,37,26790,Texas,Houston,2.1,97.9
1237,48201222700,Harris County,79.05639571,-0.507685024,0.22975697,-0.371563218,49.43457292,8.218969111,6011,405,263,7,423,6011,44.2,21371,Texas,Houston,3.8,96.2
1238,48201222800,Harris County,78.67820161,-0.455125585,-0.148437131,0.310796278,47.32844379,4.57219946,3134,235,79,5.3,167,3134,39.6,31990,Texas,Houston,7.6,92.4
1239,48201222900,Harris County,77.65417456,-0.748440645,-1.172464175,-0.191353618,33.94506345,15.31289053,8011,297,223,11.8,946,8011,26.3,52758,Texas,Houston,3.4,96.6
1240,48201223001,Harris County,77.67053504,-0.645900363,-1.156103697,-0.286487891,20.94243986,14.60107066,4217,231,103,5.4,229,4195,31.9,50670,Texas,Houston,3.9,96.1
1241,48201223002,Harris County,78.2504986,-0.282429424,-0.576140142,0.21395932,58.35,0.284277879,3868,181,175,11.5,443,3868,41.2,26093,Texas,Houston,3.2,96.8
1242,48201223100,Harris County,78.47053739,-0.72812036,-0.356101347,-0.615291963,42.2023361,11.50077432,2313,69,34,8.4,195,2295,22.1,59342,Texas,Houston,16.5,83.5
1243,48201230100,Harris County,78.20544491,-0.573878897,-0.62119383,-0.212676521,60.2998679,1.435387674,1229,5,40,15.1,186,1229,20,35234,Texas,Houston,2.9,97.1
1244,48201230200,Harris County,77.69069164,-0.509945678,-1.135947103,-0.341347407,40.16868442,8.284871105,5347,61,106,15.4,821,5303,21.6,31368,Texas,Houston,3.2,96.8
1245,48201230300,Harris County,76.62914018,-1.100600242,-2.197498557,-0.62720582,38.56884992,7.511385565,2460,154,116,10.6,261,2460,30.1,32431,Texas,Houston,0.4,99.6
1246,48201230400,Harris County,77.11736765,-0.9692929,-1.709271094,-0.408688476,38.37742947,9.666273863,3319,56,70,10.7,354,3319,36.5,29120,Texas,Houston,3.2,96.8
1247,48201230500,Harris County,77.23972873,-0.962144004,-1.586910008,-0.324220499,45.77230047,6.115511551,3640,139,132,14.8,538,3623,30.9,35750,Texas,Houston,4.3,95.7
1248,48201230600,Harris County,76.77894982,-1.147168117,-2.047688915,-0.731904553,40.4263791,9.012445551,2728,93,53,16.5,451,2728,35,31081,Texas,Houston,1,99
1249,48201230800,Harris County,76.66226566,-0.477583827,-2.164373078,-0.698080977,32.91329761,12.19730615,2317,40,96,16.6,384,2317,23,31250,Texas,Houston,0,100
1250,48201230900,Harris County,77.90924505,-0.440416417,-0.917393693,0.099678158,42.62597587,8.168668296,4107,205,109,14,575,4107,43.2,22227,Texas,Houston,1.3,98.7
1251,48201231000,Harris County,76.92375638,-0.790644163,-1.902882357,-0.36457859,32.06737898,15.8099133,4677,102,56,14.6,684,4671,17.5,43193,Texas,Houston,3.4,96.6
1252,48201231700,Harris County,77.95318981,-0.118813593,-0.87344893,0.231854308,47.84060438,12.90814862,3640,202,177,8.3,302,3640,39.6,30393,Texas,Houston,3.2,96.8
1253,48201232600,Harris County,78.57687815,-0.562517686,-0.249760589,-0.122741197,43.45685727,7.981571397,3138,96,119,12,375,3138,18,60650,Texas,Houston,15,85
1254,48201233400,Harris County,78.81207945,-0.048399027,-0.014559284,0.201377324,61.01824441,1.525607863,2554,109,81,11.7,300,2554,25.3,34412,Texas,Houston,10.2,89.8
1255,48201233500,Harris County,77.87396165,-0.559092589,-0.952677085,-0.277032875,52.38706564,4.985728108,8113,238,364,10.4,843,8018,20.5,48280,Texas,Houston,9,91
1256,48201233600,Harris County,77.75805705,-1.224780966,-1.068581694,-1.014806839,27.73069895,2.01010447,2207,111,84,7.7,171,2207,38,27450,Texas,Houston,1.9,98.1
1257,48201233701,Harris County,79.06670903,-0.009122211,0.240070291,0.217162577,57.074011,2.613112817,5414,50,222,7.6,410,5414,36.7,39492,Texas,Houston,11.1,88.9
1258,48201233702,Harris County,78.25871629,-0.793895489,-0.567922448,-0.243191166,28.37819359,2.221289274,3036,171,151,7.5,227,2991,26,49013,Texas,Houston,2.5,97.5
1259,48201233703,Harris County,78.05066906,-0.601164387,-0.775969682,-0.473529166,32.08429874,14.3316336,2510,119,50,9,226,2510,16.8,58243,Texas,Houston,12.7,87.3
1260,48201240100,Harris County,79.67019224,0.04948926,0.843553502,0.88562432,64.44430538,1.423076923,3959,135,176,3.4,136,3959,27.2,30945,Texas,Houston,11.2,88.8
1261,48201240502,Harris County,79.03437589,0.086248211,0.207737154,0.793595447,66.41101695,0,5979,772,434,2.2,133,5979,32.2,24930,Texas,Houston,2.1,97.9
1262,48201252301,Harris County,78.27544998,-0.380943139,-0.551188761,-0.131183929,55.18029557,0.808463252,9270,317,248,9.6,887,9234,5.5,64914,Texas,Houston,9,91
1263,48201252302,Harris County,78.22529519,-0.86101222,-0.601343547,-0.392327265,33.61432087,7.918819188,14935,619,648,5.8,863,14935,12.7,76070,Texas,Houston,7.4,92.6
1264,48201252400,Harris County,77.85522785,-0.815028756,-0.971410886,-0.23947315,40.38927423,5.029202641,6461,157,294,13.3,861,6461,20.8,61875,Texas,Houston,33.7,66.3
1265,48201253300,Harris County,78.38613898,-1.764478443,-0.440499759,-1.447633548,17.34278861,8.481163045,3513,268,38,18.9,664,3500,5.5,85657,Texas,Houston,49.5,50.5
1266,48201253500,Harris County,78.01750479,-1.316755903,-0.809133954,-1.062395873,39.70703664,3.467955356,9816,743,352,7.3,716,9702,25,56155,Texas,Houston,25.8,74.2
1267,48201253600,Harris County,78.67911552,-1.478936411,-0.147523223,-1.043396217,39.4252967,9.02560039,6647,110,332,13,867,6647,19.4,45658,Texas,Houston,30.1,69.9
1268,48201253700,Harris County,78.75195563,-1.25056213,-0.074683108,-0.973647669,48.09589947,3.397684036,5813,259,289,11.7,679,5509,10.1,58105,Texas,Houston,25.8,74.2
1269,48201254100,Harris County,78.07151535,-1.847916546,-0.755123391,-1.424489419,45.10658482,3.270553691,5184,300,373,10.8,559,5102,19.8,43026,Texas,Houston,22.7,77.3
1270,48201254200,Harris County,78.61347699,-2.315098985,-0.213161748,-1.608367574,55.92521368,0.484685653,2620,78,99,12.1,316,2616,21.1,52292,Texas,Houston,17.1,82.9
1271,48201254300,Harris County,78.70889921,-1.34399468,-0.117739532,-1.122420399,55.61577532,2.307468042,5138,176,180,7.4,378,5110,23.9,48602,Texas,Houston,22,78
1272,48201254400,Harris County,78.24812144,-1.650268772,-0.578517299,-1.351637675,46.24483871,6.408416444,2971,148,114,11.6,346,2971,32.2,38043,Texas,Houston,11.3,88.7
1273,48201254500,Harris County,78.62027477,-1.375934535,-0.206363966,-0.979341528,47.64722979,7.217017208,1887,55,56,11.6,219,1887,18.1,48207,Texas,Houston,7.4,92.6
1274,48201254600,Harris County,78.4577697,-1.295029623,-0.368869043,-1.094639596,34.53188055,3.149163231,3678,232,84,9.7,358,3678,18.7,56509,Texas,Houston,10.6,89.4
1275,48201310100,Harris County,80.1504209,0.469954748,1.323782163,0.558853282,77.96591831,0.508123477,5346,180,143,4.6,246,5346,34.2,70510,Texas,Houston,22.5,77.5
1276,48201310200,Harris County,80.38139662,0.396910025,1.554757879,0.695910132,80.31840077,0.038405797,1912,65,29,3.6,68,1912,4.9,134464,Texas,Houston,43.4,56.6
1277,48201310300,Harris County,79.59134368,0.422430043,0.764704938,0.754124436,74.40488586,0.030949519,4840,108,159,12.4,602,4816,20.3,44943,Texas,Houston,22,78
1278,48201310400,Harris County,79.48405366,0.444236645,0.657414921,0.491970323,73.6938883,1.113843713,3430,115,98,15.5,530,3430,43.7,31853,Texas,Houston,4.3,95.7
1279,48201310500,Harris County,80.00537701,0.40361309,1.178738276,0.717580399,69.7916293,0.283535218,4439,185,161,10.5,468,4439,26.2,39928,Texas,Houston,4.1,95.9
1280,48201310600,Harris County,79.38067922,0.352782588,0.554040485,0.529117122,72.63368848,0.02820122,5407,58,259,11,594,5395,23.4,35122,Texas,Houston,11.8,88.2
1281,48201310700,Harris County,78.9076376,0.249310135,0.080998866,0.107368651,62.08229311,2.454987835,4582,154,195,8.5,389,4555,38.4,51071,Texas,Houston,14.4,85.6
1282,48201310800,Harris County,78.91843302,-0.178053727,0.091794278,-0.001595742,53.52529551,4.367223605,2643,41,120,8.7,229,2643,21,38856,Texas,Houston,8.8,91.2
1283,48201310900,Harris County,79.42450415,0.259614223,0.597865409,0.670743265,76.50929752,0.059440559,5442,224,350,11.1,605,5442,39,30421,Texas,Houston,4.5,95.5
1284,48201311000,Harris County,79.76318683,0.597976059,0.936548096,0.731383925,71.54760062,0.372965116,5754,172,78,14.2,815,5754,34.8,29981,Texas,Houston,4.4,95.6
1285,48201311100,Harris County,79.34672325,0.474475166,0.520084507,0.521567962,71.781491,0.232275862,5304,255,150,13.2,701,5294,19.9,38619,Texas,Houston,2.2,97.8
1286,48201311200,Harris County,77.85243611,-0.642441798,-0.974202633,-0.534195318,39.71155596,2.343572241,4922,168,135,13.3,654,4898,27.2,39148,Texas,Houston,8.3,91.7
1287,48201311300,Harris County,78.84530745,0.380600773,0.018668712,0.28352859,64.51167076,0.012968967,4915,181,193,10.7,526,4915,22.3,48237,Texas,Houston,1.9,98.1
1288,48201311400,Harris County,79.23529269,0.393844348,0.408653952,0.1568677,60.59217028,1.421097285,1667,61,40,9.9,165,1667,28.1,40179,Texas,Houston,0.8,99.2
1289,48201311500,Harris County,78.99913885,0.207397938,0.172500115,0.075393949,62.92230383,0.534904014,7543,93,396,15.3,1151,7524,18.5,52513,Texas,Houston,2,98
1290,48201311600,Harris County,80.03436707,0.553267059,1.207728334,-0.091177207,72.56959707,0.051388889,3923,169,215,2.7,104,3906,34.8,31542,Texas,Houston,3,97
1291,48201311700,Harris County,79.62323806,0.703481775,0.796599322,0.478746209,73.40629096,0.410908193,5741,255,356,6.8,388,5688,35.3,32159,Texas,Houston,2.3,97.7
1292,48201311800,Harris County,78.87527855,0.213911844,0.048639814,0.249952161,63.69080882,4.594691733,4585,292,195,8.2,376,4559,29.5,39776,Texas,Houston,3.8,96.2
1293,48201311900,Harris County,79.44196048,0.197416085,0.615321736,0.47938338,69.11588542,1.416938111,2454,56,116,11.6,285,2447,16.5,52059,Texas,Houston,9.7,90.3
1294,48201312000,Harris County,78.86121737,-0.31752265,0.034578631,-0.306011872,54.92625369,0.699298116,4570,28,7,6.3,287,1455,12.7,66250,Texas,Houston,34.4,65.6
1295,48201312100,Harris County,79.42632597,0.132716232,0.599687232,-0.454551271,55.14180108,0.125126646,4030,0,0,0,0,0,,,Texas,Houston,39.7,60.3
1296,48201312200,Harris County,78.78552394,0.012144133,-0.041114795,0.076967795,67.61971831,0.098819142,1939,9,92,9.7,189,1939,44.5,26293,Texas,Houston,2.4,97.6
1297,48201312300,Harris County,79.09700408,0.394748432,0.270365338,0.164807835,66.12890874,0.266411116,1965,60,108,10.2,201,1965,32.6,39583,Texas,Houston,12.9,87.1
1298,48201312400,Harris County,78.76151018,0.15008993,-0.065128559,-0.125685203,67.01077944,0.013108614,2056,54,180,14.7,302,2046,39.5,21500,Texas,Houston,4.5,95.5
1299,48201312500,Harris County,80.17619785,1.067170412,1.349559111,1.083773978,80.07688442,0.061178248,3470,46,94,6.4,221,3441,21.1,99489,Texas,Houston,46.7,53.3
1300,48201312600,Harris County,79.61357609,0.460824925,0.786937347,0.198394227,71.19415449,0.102347418,8023,213,313,10.6,848,7990,17.4,71023,Texas,Houston,48.9,51.1
1301,48201312700,Harris County,79.04685897,0.163818363,0.220220226,-0.055098681,68.35491071,0,2069,128,54,9,186,2069,12.2,59531,Texas,Houston,13.7,86.3
1302,48201312800,Harris County,79.17536419,0.325534412,0.348725455,-0.125137794,65.05202312,0.016654598,2813,107,129,4.4,123,1820,60.6,15538,Texas,Houston,8.4,91.6
1303,48201312900,Harris County,78.23638301,-0.305299514,-0.590255733,-0.144281497,55.50063211,0.212826603,4361,63,83,12.2,531,3830,27.5,39797,Texas,Houston,11.2,88.8
1304,48201313000,Harris County,78.94632271,0.223980045,0.119683971,0.292622356,63.94771242,0.082410824,2736,48,92,12.8,349,2722,20.4,45237,Texas,Houston,14.7,85.3
1305,48201313100,Harris County,79.49670364,-0.421232682,0.670064904,-0.354895451,54.45389745,1.036188179,4049,109,90,16.6,674,3768,8.3,88575,Texas,Houston,55.5,44.5
1306,48201313200,Harris County,78.28608174,-0.116050416,-0.540557001,-0.143384735,52.02886598,1.672425249,3998,109,47,17.8,710,3939,13.5,65213,Texas,Houston,14.3,85.7
1307,48201313300,Harris County,78.09473903,-0.273646729,-0.73189971,-0.188712883,45.93868671,4.820864382,2491,51,125,25.4,633,2475,31.4,34297,Texas,Houston,6.9,93.1
1308,48201313400,Harris County,78.35703439,0.149434128,-0.469604348,0.394455063,59.55620155,0.612,2972,119,54,14.7,438,2972,32.9,24024,Texas,Houston,6.2,93.8
1309,48201313500,Harris County,77.99680536,0.335444264,-0.829833375,0.476889398,57.90949227,1.42363712,2792,131,127,12.9,359,2787,36.6,43047,Texas,Houston,2.9,97.1
1310,48201313600,Harris County,78.37976543,0.285542988,-0.44687331,0.541704641,59.38694639,0.951504528,4650,217,217,14.4,668,4650,43.8,24448,Texas,Houston,5.9,94.1
1311,48201313700,Harris County,78.53207443,0.219987579,-0.294564306,0.456115315,60.71915474,0.301075269,2210,22,74,20.1,444,2210,19.9,50750,Texas,Houston,7.2,92.8
1312,48201313800,Harris County,78.63604254,0.333847265,-0.1905962,0.520846789,57.37586347,1.610465116,4427,98,219,9.3,413,4427,33.5,28885,Texas,Houston,1.4,98.6
1313,48201313900,Harris County,79.95139573,0.2843969,1.124756987,0.65799952,71.3999346,0.149766757,4623,47,76,3.5,160,4623,21.2,52392,Texas,Houston,33.4,66.6
1314,48201314001,Harris County,79.98639876,0.165193707,1.159760023,0.615574117,73.96437659,0.089337176,2716,91,63,10.3,281,2583,16.2,63333,Texas,Houston,29.5,70.5
1315,48201314002,Harris County,80.10818707,0.314241286,1.281548334,0.64655049,71.18297456,0.046674017,6911,234,66,7,482,6888,19.8,50589,Texas,Houston,35.1,64.9
1316,48201314300,Harris County,80.57528427,0.542509025,1.748645534,0.716138296,81.50805009,0.008512545,3890,145,77,7.2,279,3890,16.9,34516,Texas,Houston,6.4,93.6
1317,48201314400,Harris County,80.88666119,0.585134027,2.060022447,0.917737582,70.48291572,0,3527,154,54,4.1,143,3527,23.3,56482,Texas,Houston,35.2,64.8
1318,48201320500,Harris County,78.31108677,-0.442450216,-0.515551968,-0.069411515,39.91787288,3.54350657,4583,146,69,6.3,290,4583,19.3,62431,Texas,Houston,6.1,93.9
1319,48201321800,Harris County,77.79411402,-0.355881072,-1.032524719,-0.141818145,51.61088154,1.901605386,4155,126,181,10.9,451,4155,14.5,65184,Texas,Houston,4.7,95.3
1320,48201321900,Harris County,78.37932619,-0.642628804,-0.447312549,-0.246836711,53.19108513,0.119747322,6006,174,257,8.8,526,6006,16.9,50379,Texas,Houston,9.7,90.3
1321,48201322000,Harris County,79.06960806,-0.394025253,0.242969317,-0.467742831,62.43830334,2.40704501,4912,137,316,3.6,177,4892,29.7,39286,Texas,Houston,8.3,91.7
1322,48201322100,Harris County,78.81148092,0.080869819,-0.015157822,0.024945686,56.8834229,0.702340094,4246,183,184,7.1,301,4246,17.3,43179,Texas,Houston,11.3,88.7
1323,48201322200,Harris County,78.57350748,-0.779531134,-0.253131255,-0.863795968,54.69590086,4.220071685,1633,61,29,7.5,123,1633,23,32232,Texas,Houston,9.8,90.2
1324,48201322600,Harris County,78.73622543,-1.103728397,-0.090413305,-0.552431154,50.24729632,0.117823129,5516,99,184,7.8,433,5516,20.3,53277,Texas,Houston,26.8,73.2
1325,48201322700,Harris County,78.18085999,-0.939347577,-0.645778751,-0.39995971,55.9995637,0.028814669,7002,432,225,7.7,539,7002,11.4,54295,Texas,Houston,20.6,79.4
1326,48201322800,Harris County,78.25570899,-0.784692452,-0.570929749,-0.017227919,49.31577432,0.151119809,6996,243,207,8.3,583,6932,17,53616,Texas,Houston,10.1,89.9
1327,48201322900,Harris County,78.32124464,-0.397445548,-0.505394098,0.057411215,55.54446855,0.09267503,4094,121,107,7,286,4069,9,52090,Texas,Houston,7.5,92.5
1328,48201323000,Harris County,79.25746015,0.120977583,0.430821413,0.210964328,63.8685567,0.095584668,6870,488,435,6.9,474,6804,33.6,31343,Texas,Houston,5.5,94.5
1329,48201323100,Harris County,79.24396744,-0.434106405,0.417328703,-0.221348777,60.64201313,0.195258479,4066,367,271,6.6,267,4066,26.2,37373,Texas,Houston,5.7,94.3
1330,48201323200,Harris County,78.23267142,-0.463506657,-0.593967317,-0.079287822,56.06889174,0.070051414,5727,231,297,11.7,670,5727,20.1,60921,Texas,Houston,19.6,80.4
1331,48201323300,Harris County,79.16726662,0.138717765,0.340627883,0.138289553,68.99308437,0.248836006,3310,198,119,14.1,466,3169,35.6,36154,Texas,Houston,14.6,85.4
1332,48201323400,Harris County,78.29417017,-0.404655377,-0.532468571,-0.205337426,53.40171326,0.303256445,8636,518,314,7.9,680,8636,22,47818,Texas,Houston,8.3,91.7
1333,48201323500,Harris County,78.70961795,-0.468890021,-0.117020784,-0.075509523,52.56555443,2.226133198,5671,261,403,5.6,318,5671,33.5,31159,Texas,Houston,10.3,89.7
1334,48201323600,Harris County,78.12528758,-0.804572876,-0.701351155,-0.371450226,43.26933193,1.345379931,8547,273,158,15,1285,8547,14.3,50638,Texas,Houston,32.3,67.7
1335,48201323701,Harris County,78.62186797,-0.551755368,-0.204770773,-0.379137099,57.72678019,0.082480257,4934,139,253,19.4,955,4480,11.6,54837,Texas,Houston,33.1,66.9
1336,48201323702,Harris County,78.32419308,-0.63344608,-0.502445655,-0.271653064,60.56621392,0.030651341,3183,0,257,10.3,328,3183,7.8,50980,Texas,Houston,36.9,63.1
1337,48201323801,Harris County,78.4429824,-0.522277379,-0.383656335,-0.400932479,61.80894309,0.102175013,3820,145,153,11.2,428,3820,10.1,62331,Texas,Houston,21.6,78.4
1338,48201323802,Harris County,78.2814263,-1.042514932,-0.54521244,-0.901857289,49.91703869,0.48188711,5018,229,193,10.2,511,4947,20.6,50250,Texas,Houston,17.7,82.3
1339,48201323900,Harris County,78.42064014,-1.040656208,-0.405998602,-0.751487548,46.0971519,1.851816444,3952,126,254,13.1,518,3892,27.6,32500,Texas,Houston,32.7,67.3
1340,48201324000,Harris County,78.90245879,-0.818768477,0.075820051,-0.421544659,44.56815359,0.992357986,5453,252,72,15.9,867,5453,13.6,74960,Texas,Houston,41.9,58.1
1341,48201324200,Harris County,79.82517412,0.391524031,0.998535377,0.570083815,66.9099026,1.239730914,1087,50,66,17.3,188,1069,25.7,24880,Texas,Houston,3.9,96.1
1342,48201331100,Harris County,78.01055837,-0.35505018,-0.816080371,-0.419093494,54.06319911,1.311530398,4295,182,91,9.3,399,4295,40.9,26903,Texas,Houston,2.5,97.5
1343,48201331200,Harris County,77.38924977,-0.9995342,-1.437388966,-0.950792559,32.3134669,18.42565764,3637,314,182,15.1,548,3637,52.8,26130,Texas,Houston,1,99
1344,48201331300,Harris County,77.41348031,-0.905644304,-1.413158424,-0.621069022,31.10318091,5.910981448,5220,76,167,18.4,963,5184,16.9,42250,Texas,Houston,1.9,98.1
1345,48201331400,Harris County,77.46573081,-0.444324879,-1.360907929,-0.072865512,33.41881813,3.016810345,2414,115,25,23.9,578,2414,62.8,13886,Texas,Houston,0,100
1346,48201331800,Harris County,76.68223876,-1.013161148,-2.144399983,-0.651423785,38.86708123,4.266081871,3985,239,41,14.7,584,3985,32.4,36250,Texas,Houston,2.5,97.5
1347,48201331900,Harris County,77.04304118,-0.897233976,-1.783597561,-0.554575135,46.02185501,1.920903955,3899,133,30,16.8,655,3899,17.2,51021,Texas,Houston,1.2,98.8
1348,48201332000,Harris County,77.39295233,-0.49725871,-1.433686404,-0.589402039,51.2305499,1.10719755,6785,316,500,12.7,861,6756,41.1,29441,Texas,Houston,2.4,97.6
1349,48201332100,Harris County,77.86701225,0.042947233,-0.959626491,0.078820298,55.49706622,0.909836066,3588,160,174,9.6,344,3537,27.9,39053,Texas,Houston,0,100
1350,48201332200,Harris County,78.32020006,0.052494632,-0.506438678,0.516188644,59.33893469,1.128462273,4892,154,183,13.7,670,4892,21.1,45786,Texas,Houston,0.6,99.4
1351,48201332300,Harris County,77.25087019,-0.596220132,-1.575768552,-0.307992679,50.89348659,1.027058146,3165,89,139,16.3,515,3165,26.7,36188,Texas,Houston,0.9,99.1
1352,48201332400,Harris County,77.25923747,-0.643705904,-1.567401271,-0.319885547,29.96596794,6.369985141,4115,77,130,23.5,966,4075,21.5,35875,Texas,Houston,0,100
1353,48201342002,Harris County,79.1130923,-0.511230071,0.286453558,-0.087100493,44.75358097,1.660394593,3352,95,79,9.5,320,3352,5.4,98261,Texas,Houston,48.5,51.5
1354,48201342100,Harris County,78.39000674,-0.730527259,-0.436631998,-0.417074513,45.5581255,0.791792853,4323,94,84,13.5,584,4323,12.9,75453,Texas,Houston,36.3,63.7
1355,48201342200,Harris County,78.46099717,-1.103787214,-0.365641567,-0.853665406,50.97053292,0.289715227,3883,133,181,13.5,525,3754,5.9,60822,Texas,Houston,35.4,64.6
1356,48201342300,Harris County,78.10973018,-0.778406226,-0.716908563,-0.467830499,47.09032465,1.305043647,8278,441,339,7.8,644,8234,13,64702,Texas,Houston,30.3,69.7
1357,48201342400,Harris County,78.94012004,-0.717024297,0.113481305,-0.325814107,35.24390883,0.921862668,3436,203,232,4,136,3408,7,62386,Texas,Houston,34.7,65.3
1358,48201342500,Harris County,78.81214492,-0.760731226,-0.014493819,-0.453027561,51.63432628,0.236418721,5653,136,125,19.7,1113,5533,5.3,72966,Texas,Houston,68.1,31.9
1359,48201342700,Harris County,78.25444239,-0.831850033,-0.572196348,-0.525995232,51.90273082,0.676039836,4891,157,85,14.8,725,4847,7.1,68550,Texas,Houston,72.9,27.1
1360,48201342800,Harris County,78.19616396,-0.737574697,-0.630474781,-0.115457677,46.60793058,3.117748368,8650,236,275,10.5,911,8635,1.8,117500,Texas,Houston,65.3,34.7
1361,48201342900,Harris County,78.07746155,-0.647885229,-0.749177185,-0.107097586,37.1311649,2.006486117,6383,133,147,12.2,781,6325,9.6,85096,Texas,Houston,61.3,38.7
1362,48201410100,Harris County,79.43835714,0.698965182,0.611718398,0.208160507,69.27320359,0.126468942,4811,108,119,6.6,316,4811,30.2,58778,Texas,Houston,40.5,59.5
1363,48201410200,Harris County,79.26806862,0.699724618,0.44142988,0.041092561,69.60377358,0.926919033,5576,0,84,5.6,310,5576,1.6,133355,Texas,Houston,66.5,33.5
1364,48201410300,Harris County,79.35596286,0.559523956,0.52932412,0.065415181,74.18727915,0.600398936,3030,63,0,18.1,549,2975,6.9,106705,Texas,Houston,68.3,31.7
1365,48201410401,Harris County,79.41336146,0.967841102,0.586722719,-0.411612486,72.93347193,0,4019,52,80,15.4,618,4019,1.7,149750,Texas,Houston,77.2,22.8
1366,48201410402,Harris County,79.41169161,1.068418105,0.585052873,-0.608752051,68.81081081,0.169144981,2433,47,37,13.5,329,2433,7.3,109620,Texas,Houston,70.1,29.9
1367,48201410500,Harris County,79.72425436,1.051220841,0.897615625,-0.30817611,75.49507389,0,4560,59,99,10.9,495,4560,4.4,93214,Texas,Houston,70,30
1368,48201410600,Harris County,80.18095899,1.163703228,1.354320252,0.87046195,84.04727921,0,4899,52,27,4.1,201,4872,10.4,79347,Texas,Houston,62,38
1369,48201410701,Harris County,79.51796684,0.756012143,0.691328098,0.159578511,71.3475,0.54494382,4001,16,51,10.3,411,4001,12,81979,Texas,Houston,65.4,34.6
1370,48201410702,Harris County,79.68256615,0.670251318,0.855927416,0.458951111,71.17502458,0.468259895,2768,7,51,4.1,114,2283,16.6,60167,Texas,Houston,59.8,40.2
1371,48201410800,Harris County,79.4313409,0.785051174,0.604702157,-0.394046104,72.30484581,0.033898305,4226,55,14,13.1,554,4226,10.8,70404,Texas,Houston,67.7,32.3
1372,48201410900,Harris County,79.51019561,0.438365183,0.683556875,-0.653590522,70.12333736,0.073529412,3198,92,46,9.5,305,3198,10.1,100514,Texas,Houston,66.3,33.7
1373,48201411000,Harris County,79.77414256,0.900965583,0.947503821,0.188180929,76.42493797,0.026168224,5175,14,67,15.2,787,5175,6.5,95833,Texas,Houston,70.6,29.4
1374,48201411100,Harris County,78.6269836,0.249811761,-0.199655137,-0.933263289,54.33621262,3.585085085,3741,142,107,17.4,651,3741,6,174583,Texas,Houston,59.1,40.9
1375,48201411200,Harris County,77.64750569,-0.550203447,-1.179133052,-1.247095351,28.98312236,17.92886863,1871,42,39,26.7,499,1871,13.7,222031,Texas,Houston,84.3,15.7
1376,48201411300,Harris County,79.9238458,0.661519246,1.09720706,-0.590027411,73.59191409,2.609663667,4618,88,99,16.3,753,4594,8.2,97953,Texas,Houston,60.5,39.5
1377,48201411400,Harris County,78.73757924,0.174582859,-0.089059497,-1.057414941,52.07847186,3.165292501,2810,97,80,29.9,839,2810,1.1,250001,Texas,Houston,91.5,8.5
1378,48201411501,Harris County,79.914982,1.213285577,1.088343256,0.258890814,72.59631391,1.08259325,7519,182,269,10,752,7493,8.3,89430,Texas,Houston,61.1,38.9
1379,48201411502,Harris County,80.23312746,1.121574101,1.406488721,0.752580908,77.10870635,0.184451779,4146,29,120,6.4,264,4146,6.9,87274,Texas,Houston,64.5,35.5
1380,48201411600,Harris County,79.11258806,1.005483934,0.285949317,-0.025137092,59.09001314,0.765841584,2425,93,110,22,534,2425,4.7,171111,Texas,Houston,82.2,17.8
1381,48201411700,Harris County,79.72813459,0.578116828,0.901495854,0.6178686,69.95937962,0,3476,72,130,2.8,99,3476,3.5,76000,Texas,Houston,49.3,50.7
1382,48201411800,Harris County,79.57801352,1.043822969,0.751374786,0.40407121,79.10832288,0.205604534,5447,79,219,14.7,803,5447,5.3,81515,Texas,Houston,64.9,35.1
1383,48201411900,Harris County,78.91525026,0.231186669,0.088611518,-0.935853626,55.3272004,8.887766554,3298,97,109,21.1,697,3168,12.8,84539,Texas,Houston,82.1,17.9
1384,48201412000,Harris County,78.94203708,0.184171336,0.115398339,-1.068221131,63.3755249,2.859269283,3967,240,130,17.8,705,3870,5.3,184667,Texas,Houston,75.8,24.2
1385,48201412100,Harris County,78.66187522,-0.371068846,-0.164763514,-1.046686262,40.39586411,4.86770428,2836,0,0,0,0,0,,,Texas,Houston,38.9,61.1
1386,48201412200,Harris County,78.95096211,0.279682825,0.124323368,-0.628972655,59.18436799,0.759039548,5953,345,181,12.5,745,5698,10,135625,Texas,Houston,66,34
1387,48201412400,Harris County,78.3730225,-0.091433965,-0.453616242,-1.228573622,60.73461744,0.943712575,4759,220,309,14.9,709,4759,1.4,250001,Texas,Houston,77.9,22.1
1388,48201412600,Harris County,78.3174359,-0.085601825,-0.50920284,-0.539593781,62.40044577,0.050894855,3913,180,187,10.6,414,3901,1.6,250001,Texas,Houston,75.1,24.9
1389,48201412700,Harris County,78.59951221,0.080758677,-0.227126526,-0.277321193,56.6780852,0.779822544,3540,92,103,23.2,821,3493,2.4,137283,Texas,Houston,64.4,35.6
1390,48201421000,Harris County,79.17935412,0.495671178,0.352715377,0.031605952,65.3597472,0.318564628,3113,82,73,16,498,3113,1.8,160671,Texas,Houston,65.5,34.5
1391,48201421101,Harris County,80.59860192,0.720112471,1.771963177,0.633517398,79.69345661,0.050133333,3060,78,88,3.9,119,3060,26.2,41338,Texas,Houston,17.1,82.9
1392,48201421102,Harris County,80.15810899,1.66283444,1.33147025,0.94380437,86.30694143,0,5456,356,472,2.3,126,5435,43.1,30267,Texas,Houston,5.3,94.7
1393,48201421201,Harris County,80.03810865,1.942752821,1.211469908,1.511132081,80.2445328,0,5652,240,273,2,113,5652,26.7,39020,Texas,Houston,3.7,96.3
1394,48201421202,Harris County,79.89570001,1.857467409,1.069061275,1.596664165,90.09090909,0.014687882,5450,415,182,1.8,98,5360,46.1,28064,Texas,Houston,2.8,97.2
1395,48201421300,Harris County,80.17825688,1.374140979,1.351618144,0.652584664,85.40157959,0.01,8107,533,434,2.5,205,7974,36,32415,Texas,Houston,10.3,89.7
1396,48201421401,Harris County,79.94285715,1.508163118,1.116218411,1.650853215,86.08950617,0,3969,281,356,1.7,67,3969,44,28217,Texas,Houston,10.1,89.9
1397,48201421402,Harris County,80.19546461,1.627144865,1.36882587,1.602238173,92.54748603,0,3825,207,311,1.8,69,3825,46.8,26624,Texas,Houston,3.3,96.7
1398,48201421403,Harris County,79.81150813,1.342961166,0.984869391,1.231097082,78.21081831,0.12642487,4521,247,192,6.2,281,4506,37.9,28314,Texas,Houston,3.2,96.8
1399,48201421500,Harris County,79.49263387,0.724268573,0.665995128,0.803428389,74.40890451,0.090382903,7897,382,210,5.3,421,7788,29.8,31517,Texas,Houston,5.6,94.4
1400,48201421600,Harris County,79.95802402,1.320852425,1.131385285,0.881145495,80.97026022,0.140186916,7173,461,272,2.7,193,7128,31.4,31175,Texas,Houston,7.5,92.5
1401,48201422701,Harris County,78.33152497,-0.149696555,-0.495113764,-0.564353084,52.85504407,0.379323032,5917,327,160,8.2,486,5917,18.3,52696,Texas,Houston,9.1,90.9
1402,48201422702,Harris County,78.01982112,-0.181249069,-0.806817621,-0.417964611,52.83251919,1.583597884,3332,57,137,12.6,421,3332,14.9,64500,Texas,Houston,27.7,72.3
1403,48201422800,Harris County,78.66463566,-0.085982865,-0.162003075,-0.486316689,60.37881157,1.787378354,5415,257,100,11.9,646,4756,26.6,38264,Texas,Houston,22.4,77.6
1404,48201422900,Harris County,78.78909683,0.228177323,-0.03754191,0.312170765,64.10212054,1.536159601,3974,94,155,11.5,458,3974,36.5,38164,Texas,Houston,12.8,87.2
1405,48201423100,Harris County,80.3091159,1.131509919,1.482477157,1.257641867,67.891494,2.582480557,2711,216,276,1.8,50,2711,34.9,35114,Texas,Houston,1.1,98.9
1406,48201431900,Harris County,80.35379906,1.474469384,1.527160318,0.843243827,79.96980337,0.137784844,4779,89,193,12.9,615,4655,8.2,95718,Texas,Houston,44.4,55.6
1407,48201432001,Harris County,79.81896052,1.527436514,0.992321783,0.664478357,75.3826692,0.034259259,4265,240,188,9.3,396,4265,12.7,60435,Texas,Houston,41,59
1408,48201432002,Harris County,80.20061295,1.245205186,1.373974207,0.746870544,86.96741855,0,4753,163,320,4.6,220,4753,27.8,33478,Texas,Houston,16.5,83.5
1409,48201432100,Harris County,79.80618127,0.849424569,0.97954253,0.518654205,77.03950339,0.894514768,6053,322,417,4.8,292,5958,18,46122,Texas,Houston,29.2,70.8
1410,48201432200,Harris County,79.09971013,0.546488311,0.273071389,0.037587969,63.05034815,3.840955079,4494,177,439,12.1,545,4494,7.9,46167,Texas,Houston,34.3,65.7
1411,48201432300,Harris County,79.39716473,0.488526507,0.570525994,0.472903394,68.57770961,0.144126739,7339,125,405,4.6,338,7339,21.8,43177,Texas,Houston,19.1,80.9
1412,48201432400,Harris County,79.73183915,0.336376671,0.905200413,0.207733591,71.2259519,0.023376623,6174,71,356,6.5,403,6174,23.5,36284,Texas,Houston,21.5,78.5
1413,48201432500,Harris County,79.68565984,0.61323217,0.859021102,0.632766371,73.38837588,0.543654002,5289,104,179,5.9,312,5271,37.4,31466,Texas,Houston,24.7,75.3
1414,48201432600,Harris County,79.5404691,0.355675061,0.713830358,0.275477956,71.41997792,0.314868805,2026,100,83,10,203,2026,15.3,45661,Texas,Houston,32.1,67.9
1415,48201432701,Harris County,80.19646243,1.547393469,1.369823694,0.639797809,83.69055118,0,5984,408,473,2.7,161,5932,50.9,24107,Texas,Houston,6.4,93.6
1416,48201432702,Harris County,79.81897075,2.380854535,0.992332008,0.755262642,75.43343653,0.228195938,4036,33,70,6.9,280,3992,11.8,62878,Texas,Houston,33.6,66.4
1417,48201432801,Harris County,80.41661879,0.957520542,1.589980053,0.738102517,75.21321203,0.025388292,4890,244,209,5.3,260,4867,32.2,35156,Texas,Houston,9.8,90.2
1418,48201432802,Harris County,80.31171137,1.073966662,1.485072633,0.443134296,87.27588603,0.010977522,6464,345,499,13.9,899,6338,39.5,23609,Texas,Houston,5.9,94.1
1419,48201432901,Harris County,79.53183443,0.194523206,0.705195687,-0.01381503,69.31086142,0.408816705,3042,124,156,5.6,170,3038,36.6,28534,Texas,Houston,15.1,84.9
1420,48201432902,Harris County,78.30756472,-0.71626807,-0.519074023,-0.496730238,45.97888563,1.355024347,6203,262,200,5.8,358,6203,29.8,34542,Texas,Houston,9.4,90.6
1421,48201433001,Harris County,80.22282333,0.381953617,1.396184595,0.707080427,77.89303308,0.041335453,5722,156,127,6.2,355,5572,36.4,25844,Texas,Houston,3.4,96.6
1422,48201433002,Harris County,79.7366066,0.41605967,0.909967858,0.526958357,72.53194444,0.275970619,3385,140,161,4.6,155,3385,31.2,28077,Texas,Houston,5.2,94.8
1423,48201433003,Harris County,80.13410877,0.54482426,1.307470031,0.777034567,77.8372093,0.040530582,5787,275,220,6.5,376,5787,41.8,23621,Texas,Houston,0.4,99.6
1424,48201433100,Harris County,79.41752726,0.607796855,0.590888523,0.597194113,71.0626327,0.111201299,4022,297,141,0.5,22,3992,30.3,29342,Texas,Houston,0.9,99.1
1425,48201433201,Harris County,78.52607596,0.05246975,-0.30056278,0.36942151,65.21947195,0.572560976,4940,82,274,15.1,745,4930,25,35598,Texas,Houston,13,87
1426,48201433202,Harris County,78.41960345,-0.397642385,-0.407035293,0.17939694,55.03042122,1.945432977,4269,100,110,9.7,412,4255,25.2,46677,Texas,Houston,12.1,87.9
1427,48201433300,Harris County,78.4573765,0.051957926,-0.369262235,0.192488069,55.83649907,2.317851147,5121,284,56,15.3,781,5121,26.7,65400,Texas,Houston,27.7,72.3
1428,48201433400,Harris County,78.40444094,-0.545178286,-0.4221978,-0.080653236,49.50326087,0.942354865,4295,206,128,7,301,4295,30,32526,Texas,Houston,11.3,88.7
1429,48201433501,Harris County,79.63589012,0.71874512,0.809251376,0.623817185,72.41012472,0.089403974,5593,336,206,2,110,5593,43.1,27353,Texas,Houston,3.4,96.6
1430,48201433502,Harris County,80.17395474,1.177329294,1.347315997,0.671867287,77.63789238,0.025252525,8242,549,717,2,164,8097,40,25766,Texas,Houston,5,95
1431,48201433600,Harris County,80.21285563,0.866697884,1.386216895,0.836120805,80.36074766,0.15651359,6571,319,403,3.3,219,6571,25.3,38862,Texas,Houston,2.7,97.3
1432,48201452202,Harris County,79.5411924,-0.347037134,0.714553665,0.346906557,64.53782013,0.822293285,3781,155,170,6.5,246,3781,24.3,41590,Texas,Houston,13.3,86.7
1433,48201452300,Harris County,79.2571105,-0.075516262,0.43047176,0.208333562,63.41871921,0.141515761,2467,43,83,15.8,389,2467,9.1,47778,Texas,Houston,7.2,92.8
1434,48201452400,Harris County,78.83146151,0.617146283,0.004822775,0.267747809,63.40216086,1.030156815,7546,272,133,10.7,808,7388,24.6,34788,Texas,Houston,5.4,94.6
1435,48201452500,Harris County,78.83255813,0.183985776,0.005919392,0.350413307,60.1912895,0.278025952,7684,199,428,12.1,927,7684,14.2,38311,Texas,Houston,6.2,93.8
1436,48201452801,Harris County,78.17514818,0.242248318,-0.651490559,0.290980116,53.17775293,4.524873524,5817,381,209,12.5,728,5777,23.6,44219,Texas,Houston,6.6,93.4
1437,48201452802,Harris County,78.44998526,0.244610025,-0.376653474,0.411130754,57.92548747,0.371263765,7237,276,359,7.6,551,7217,24.3,41923,Texas,Houston,3.4,96.6
1438,48201452900,Harris County,78.45935323,0.300825756,-0.367285506,0.435553151,52.52832765,1.630087584,4755,174,156,10.1,479,4739,28,49089,Texas,Houston,7.9,92.1
1439,48201453000,Harris County,78.56265224,0.498778013,-0.263986501,0.166727766,57.80354214,0.644268775,8159,282,428,10.8,885,8159,18.4,46431,Texas,Houston,3.6,96.4
1440,48201453100,Harris County,78.80419536,0.311347531,-0.022443374,0.163161651,40.08102606,1.189707674,4216,134,85,7.7,324,4216,31,27247,Texas,Houston,6.9,93.1
1441,48201453200,Harris County,79.51901093,0.559262442,0.69237219,0.234038817,69.58018386,1.373609513,8861,381,393,7,616,8809,26.9,36496,Texas,Houston,4,96
1442,48201453300,Harris County,79.69600876,0.267797716,0.869370021,0.41720204,63.96666667,0.676577469,3676,172,225,6.2,227,3676,49.3,26860,Texas,Houston,5.1,94.9
1443,48201453401,Harris County,78.44336236,0.031364051,-0.383276381,-0.143547935,58.40377358,0.644381223,3143,96,111,8.6,269,3143,18.4,44500,Texas,Houston,12.3,87.7
1444,48201453402,Harris County,78.59541652,0.066773112,-0.231222218,0.095740284,54.98166168,2.031777278,7644,176,318,7.9,605,7644,18,49119,Texas,Houston,8.1,91.9
1445,48201453403,Harris County,78.83844364,0.471325851,0.011804897,0.74729243,69.26797386,0.383629191,4589,216,147,10.2,467,4589,33.4,30827,Texas,Houston,5,95
1446,48201453501,Harris County,78.40187315,-0.090147241,-0.42476559,0.33292017,59.31327434,0.789823009,6824,127,305,9.7,665,6803,12.8,46937,Texas,Houston,7.1,92.9
1447,48201453502,Harris County,78.38822096,-0.190651056,-0.438417782,0.555469592,56.09491059,0.94346473,3768,119,123,8,301,3768,21.2,44455,Texas,Houston,8.9,91.1
1448,48201453601,Harris County,78.14492423,0.907325736,-0.681714508,0.292024264,34.12997746,4.872171946,2308,41,86,8.9,206,2308,26,31281,Texas,Houston,5.3,94.7
1449,48201453602,Harris County,78.48036025,0.579716417,-0.346278493,0.624939243,55.65691114,1.290177389,8321,202,349,11.5,955,8297,19.4,38666,Texas,Houston,9.4,90.6
1450,48201453700,Harris County,78.24064653,0.420987165,-0.585992212,0.56284031,58.69006521,1.993610224,9123,386,320,8.4,769,8950,16,50647,Texas,Houston,9.3,90.7
1451,48201453800,Harris County,77.73208271,-0.326556668,-1.094556024,0.141927044,38.74048443,5.890997024,4293,129,126,9.9,426,4214,19.8,54549,Texas,Houston,3.4,96.6
1452,48201510100,Harris County,80.03275845,0.77502441,1.206119715,1.12609913,78.3118932,0.304644809,2344,25,59,6.7,157,2334,3.6,133854,Texas,Houston,52,48
1453,48201510200,Harris County,79.61555966,0.303689593,0.788920917,0.282079012,69.07898734,3.223131063,6627,153,104,6.7,441,6607,11.4,95523,Texas,Houston,41.7,58.3
1454,48201510300,Harris County,78.69487036,-0.505215441,-0.131768381,0.048813206,55.41140684,4.272006793,5123,215,74,14.1,721,5065,2.5,116959,Texas,Houston,84.5,15.5
1455,48201510400,Harris County,78.71845695,0.210677833,-0.108181793,-0.322989872,62.50030321,0.691116173,3870,206,134,9.1,353,3865,6,90052,Texas,Houston,73.8,26.2
1456,48201510500,Harris County,79.21595898,0.568599801,0.389320243,-0.066477161,63.51649485,1.020526723,3733,201,141,8.7,325,3733,3.4,142778,Texas,Houston,70.2,29.8
1457,48201510600,Harris County,79.9272034,1.078659403,1.100564662,0.465968724,75.48661485,0.028228423,7004,190,201,3.8,267,7004,3.4,134071,Texas,Houston,60.7,39.3
1458,48201510700,Harris County,79.30200471,0.531846885,0.475365973,0.116872354,65.29504132,0.211895911,4905,227,157,5,245,4905,4.2,123719,Texas,Houston,60.3,39.7
1459,48201510800,Harris County,77.82925107,-0.425050726,-0.997387674,-0.986825259,26.99083783,23.02971053,8400,74,89,13.5,1132,8400,4.6,141742,Texas,Houston,68,32
1460,48201510900,Harris County,79.56556054,0.258237781,0.7389218,0.21990126,66.38821777,1.531319911,7568,401,253,4.4,334,7540,4.1,131659,Texas,Houston,58.6,41.4
1461,48201511001,Harris County,79.40462894,0.219290991,0.577990197,-0.342838101,62.93023256,0.437093916,3108,191,128,13.9,431,3108,8.4,73043,Texas,Houston,69.5,30.5
1462,48201511002,Harris County,78.36414204,-0.113368196,-0.462496703,-0.439342391,53.45404019,3.541532518,4400,79,16,10.9,481,4400,3.5,80913,Texas,Houston,59.2,40.8
1463,48201511100,Harris County,79.25275075,0.45675928,0.426112013,0.072867246,62.9870317,2.202100688,3514,150,69,9.7,342,3351,5,122917,Texas,Houston,54.7,45.3
1464,48201511200,Harris County,78.99099145,0.411454794,0.16435271,-0.028113267,55.01679587,2.010662359,5998,180,229,9.3,559,5998,3.3,147619,Texas,Houston,63.2,36.8
1465,48201511301,Harris County,78.77658225,0.61316127,-0.050056494,-0.849054645,65.90768463,0.068436799,4124,102,217,8.7,358,4124,6.9,115050,Texas,Houston,73,27
1466,48201511302,Harris County,78.21779788,-0.300591683,-0.608840854,-1.247258944,62.2852292,0.145833333,3716,128,70,12.6,470,3711,12.9,109778,Texas,Houston,85.9,14.1
1467,48201511400,Harris County,78.85657808,-0.231855285,0.029939345,-0.147893981,68.925,0.678167757,3113,142,107,10.3,320,3108,13.3,111897,Texas,Houston,58.7,41.3
1468,48201511500,Harris County,79.17747074,0.633348943,0.350831999,-0.111779884,67.68030392,0.121855174,8052,492,309,9.4,753,7970,5.6,124879,Texas,Houston,54.6,45.4
1469,48201511600,Harris County,79.23859868,0.307964759,0.411959938,0.310686927,65.50715275,1.503450656,3542,91,94,10.1,358,3542,16.5,59038,Texas,Houston,31.5,68.5
1470,48201520100,Harris County,80.07649249,0.171001193,1.249853749,-0.696870793,71.92342892,0.600777854,2088,28,72,10.2,214,2082,6.3,118684,Texas,Houston,49.4,50.6
1471,48201520200,Harris County,78.84839076,-0.082316498,0.021752024,-1.071629759,52.4995229,4.291696492,3363,102,79,14.6,492,3345,5.7,90125,Texas,Houston,59.9,40.1
1472,48201520300,Harris County,78.78029831,0.201902596,-0.04634043,-0.351847725,53.47410116,2.776188279,5355,167,220,11,590,5347,35.2,44643,Texas,Houston,28.1,71.9
1473,48201520400,Harris County,79.6206272,0.363574748,0.793988458,0.306173346,70.42907645,0.298124383,3303,237,34,8.5,281,3303,26.1,31471,Texas,Houston,18.6,81.4
1474,48201520500,Harris County,80.43545523,0.264405222,1.608816495,-0.751213415,70.40244927,1.074587875,9579,492,293,4.4,421,9485,36.9,40463,Texas,Houston,9.3,90.7
1475,48201520601,Harris County,79.37461732,-0.00697378,0.547978577,-0.206877696,63.34850575,0.947404606,2726,140,101,7,191,2726,41.6,36250,Texas,Houston,12.5,87.5
1476,48201520602,Harris County,78.91263457,0.289976646,0.085995833,-0.356275424,60.00937082,2.688631791,5681,178,240,8.9,508,5681,25.1,40955,Texas,Houston,16.5,83.5
1477,48201520700,Harris County,78.65785062,-0.086521512,-0.168788116,-0.893198587,54.88347747,5.820644719,4334,219,180,11.6,504,4223,8.5,126500,Texas,Houston,54.5,45.5
1478,48201521000,Harris County,78.93264875,0.219027915,0.106010014,-0.674639388,58.79393939,6.386115892,2620,138,211,5.6,147,2620,42.4,38807,Texas,Houston,22.6,77.4
1479,48201521100,Harris County,78.77102948,0.262584444,-0.05560926,-0.384856613,51.18429003,7.77740113,2304,125,78,5.2,119,2304,32.1,37375,Texas,Houston,14.2,85.8
1480,48201521200,Harris County,78.79038248,0.226244006,-0.036256254,-0.009731345,54.55444126,6.916966211,5804,191,294,7.7,447,5675,16.9,39534,Texas,Houston,11.2,88.8
1481,48201521300,Harris County,78.37150608,-0.02833851,-0.455132664,0.062308793,47.23292683,7.068452381,5461,151,214,11.5,630,5461,27.2,44574,Texas,Houston,21,79
1482,48201521400,Harris County,78.96615289,0.10932362,0.139514153,-0.103443565,61.38284024,1.982620321,7766,442,415,4.1,316,7766,39.5,37500,Texas,Houston,3.7,96.3
1483,48201521500,Harris County,78.21802,-0.227307605,-0.608618735,-0.588102743,50.99779541,4.499834929,5621,247,71,11.3,635,5613,18.8,69542,Texas,Houston,28.3,71.7
1484,48201521900,Harris County,78.26181521,-0.473566628,-0.564823531,-0.805502673,47.99132067,9.135273369,6034,272,108,18.1,1091,5927,8.3,80125,Texas,Houston,47.4,52.6
1485,48201522000,Harris County,78.77431007,-0.074729239,-0.052328672,-0.0292836,44.52453988,1.013884298,4718,114,264,19.8,935,4718,19.6,51204,Texas,Houston,35.4,64.6
1486,48201522100,Harris County,78.39822878,-0.132773379,-0.428409958,-0.408787068,55.67043241,3.68829664,7734,446,195,11.6,901,7723,14.1,52484,Texas,Houston,32.2,67.8
1487,48201522201,Harris County,78.53573548,0.071606641,-0.290903261,-1.173631876,57.29087875,4.019166667,3960,143,263,12,476,3917,22.8,49750,Texas,Houston,27,73
1488,48201522202,Harris County,78.04810973,-0.384261232,-0.778529008,-1.696907371,35.67800914,26.33295151,4449,183,203,7,310,4440,34.4,44853,Texas,Houston,19.8,80.2
1489,48201522301,Harris County,79.3557245,0.374424235,0.529085764,-0.518992625,63.26170073,5.452626411,3979,192,284,13.6,540,3849,17.3,46000,Texas,Houston,24.8,75.2
1490,48201522302,Harris County,79.71996688,0.392429754,0.89332814,0.042615569,69.93148789,3.655677656,3675,110,182,6.4,237,3675,21.8,59979,Texas,Houston,18.5,81.5
1491,48201522401,Harris County,78.86176089,-0.154920555,0.035122149,-0.819206405,53.3773959,6.589431903,5479,329,300,10.8,589,5479,17.2,64427,Texas,Houston,50,50
1492,48201522402,Harris County,79.53455126,-0.011684875,0.707912522,-0.545457087,62.11196417,1.534478645,3980,86,125,9.8,392,3980,19.2,54969,Texas,Houston,33.5,66.5
1493,48201522500,Harris County,78.59659493,-0.147105006,-0.230043813,-1.475369461,44.64244118,13.83722974,5157,134,186,15.8,815,5157,3.5,205184,Texas,Houston,78.4,21.6
1494,48201530100,Harris County,79.66499899,0.065498543,0.83836025,-0.629296667,65.91029207,2.435924097,6389,386,365,8,510,6389,29.6,30081,Texas,Houston,12.5,87.5
1495,48201530300,Harris County,78.64669471,0.208229586,-0.179944033,0.391139993,56.59588033,1.140912436,2382,75,88,12.9,308,2382,41.5,25350,Texas,Houston,6.7,93.3
1496,48201530400,Harris County,78.91473506,0.275352124,0.088096321,0.238847052,66.92824859,0.311336717,2932,92,88,14.6,428,2850,26.6,31923,Texas,Houston,2,98
1497,48201530500,Harris County,78.18606198,-0.131097272,-0.640576762,0.332120902,48.69186712,4.603138374,5423,285,366,12.2,659,5396,32.8,31555,Texas,Houston,6.8,93.2
1498,48201530600,Harris County,78.87443413,0.324713496,0.047795386,0.478362991,61.07341328,3.776682007,3627,309,146,9.2,332,3549,44.9,34604,Texas,Houston,13.2,86.8
1499,48201530700,Harris County,78.89980454,0.342656241,0.073165806,0.877380619,61.65368523,1.856069784,5929,336,204,6,353,5916,41.8,28910,Texas,Houston,6.6,93.4
1500,48201530800,Harris County,77.39223765,-0.659113106,-1.434401086,0.143715232,42.3523549,7.492598564,4397,190,28,21,923,4360,11.9,56525,Texas,Houston,10.8,89.2
1501,48201531800,Harris County,76.57994222,-1.081761629,-2.246696516,-0.267103227,26.72134333,16.59580652,2548,69,126,11.7,298,2548,36.9,32674,Texas,Houston,2.4,97.6
1502,48201531900,Harris County,76.71970138,-1.139707911,-2.106937361,-0.269635474,31.69409326,12.21761417,4974,138,220,14,696,4938,21,45144,Texas,Houston,7.1,92.9
1503,48201532800,Harris County,77.49602364,-1.122444899,-1.3306151,-0.631300674,51.47551979,2.083711548,1893,34,79,8.9,168,1893,19.9,67672,Texas,Houston,21,79
1504,48201533000,Harris County,77.32131056,-1.138515844,-1.505328178,-0.286990828,27.29390863,11.61161731,2433,78,78,7.5,183,2433,23.1,29611,Texas,Houston,0.9,99.1
1505,48201533100,Harris County,76.97955379,-0.650504733,-1.847084952,-0.215244437,41.34812724,9.237232607,6879,310,248,10,688,6879,24.8,53955,Texas,Houston,5.1,94.9
1506,48201533200,Harris County,77.35115131,-0.497980255,-1.475487428,-0.251233073,42.73487903,5.497479839,3983,117,176,12.8,509,3983,25.9,36285,Texas,Houston,7.6,92.4
1507,48201533300,Harris County,77.6529011,-0.763787312,-1.173737641,0.444972403,46.68225724,4.326988961,6049,219,263,12.9,779,5910,42.4,20633,Texas,Houston,1.3,98.7
1508,48201533400,Harris County,77.54746402,-0.410116517,-1.279174715,0.187813311,40.85300288,9.084689277,11864,461,631,8.4,998,11783,15.3,40739,Texas,Houston,1.3,98.7
1509,48201533500,Harris County,78.47890012,-0.05043112,-0.347738623,0.714529337,54.65579832,4.977766549,4245,158,108,12.4,525,4245,7.2,56782,Texas,Houston,11.2,88.8
1510,48201533600,Harris County,78.48588478,-0.428111416,-0.340753954,-0.170544556,43.6555414,8.22432226,5399,173,242,5.6,305,5399,33.7,32406,Texas,Houston,2.1,97.9
1511,48201550100,Harris County,80.04992784,-0.195249975,1.223289099,1.195354946,53.90953482,5.355247982,5609,406,319,1,54,5609,43.8,26825,Texas,Houston,4.7,95.3
